Year-State,Inactive-Female,Inactive-Male,Inactive-Overall,Obese-Female,Obese-Male,Obese-Overall,Diabetic-Female,Diabetic-Male,Diabetic-Overall,Stroke-Female,Stroke-Male,Stroke-Overall,Coronary Disease-Female,Coronary Disease-Male,Coronary Disease-Overall,Heart Attack-Female,Heart Attack-Male,Heart Attack-Overall,Major CV Disease-Female,Major CV Disease-Male,Major CV Disease-Overall,current_overall,current_female,current_male,Never_overall,Never_female,Never_male,Former_overall,Former_female,Former_male
2011-AL,65.7,70.6,68.0,32.9,32.9,32.9,11.4,10.4,10.8,3.9,4.6,4.2,4.0,6.2,5.0,3.0,6.4,9.9,8.3,11.8,9.9,24.3,21.0,28.0,50.6,58.8,41.5,25.1,20.1,30.5
2011-AK,75.8,79.8,77.9,27.6,28.6,28.1,8.6,8.1,8.4,2.8,2.5,2.7,2.5,3.2,2.9,2.9,4.2,6.5,6.2,6.8,6.5,22.9,23.0,22.9,49.1,52.2,46.2,27.9,24.9,30.8
2011-AZ,75.9,76.3,76.1,26.7,24.9,25.7,8.1,10.0,9.0,2.4,3.3,2.8,2.9,4.3,3.5,2.9,5.1,7.8,6.5,9.4,7.8,19.3,17.5,21.0,55.9,61.3,50.3,24.9,21.1,28.7
2011-AR,67.2,72.9,70.0,32.4,31.0,31.6,9.7,11.2,10.4,3.6,3.7,3.7,4.3,6.1,5.1,4.5,7.4,9.8,8.2,11.6,9.8,27.0,25.2,28.9,47.9,53.0,42.6,25.1,21.8,28.6
2011-CA,80.1,81.8,80.9,25.1,23.9,24.6,7.9,9.2,8.4,2.1,2.3,2.2,2.6,4.7,3.5,2.2,4.6,6.6,5.3,8.1,6.6,13.7,10.0,17.3,62.5,70.1,54.8,23.9,19.9,27.9
2011-CO,83.1,84.1,83.6,20.7,21.7,21.2,5.8,7.4,6.5,1.8,2.0,1.9,1.9,3.1,2.4,1.7,3.7,5.2,4.1,6.5,5.2,18.3,15.2,21.3,54.6,60.1,49.2,27.1,24.8,29.5
2011-CT,74.0,76.5,75.2,23.0,25.4,24.3,7.4,9.4,8.3,2.2,1.8,2.0,2.3,3.7,2.9,2.1,4.1,6.2,5.2,7.5,6.2,17.1,15.4,19.0,55.1,57.7,52.2,27.8,26.9,28.8
2011-DE,73.6,73.8,73.7,29.2,29.4,29.2,8.2,9.3,8.7,2.9,3.1,3.0,2.7,4.1,3.4,2.6,4.3,7.7,6.4,9.2,7.7,21.8,18.3,25.5,49.9,54.7,44.7,28.3,27.0,29.7
2011-DC,78.5,81.7,80.0,29.4,20.0,25.1,9.1,9.9,9.4,4.1,3.5,3.8,2.3,4.0,3.1,2.9,4.0,7.3,7.3,7.4,7.3,20.8,17.1,25.1,57.2,61.9,51.7,22.0,20.9,23.2
2011-FL,71.8,76.1,73.9,26.1,27.9,26.9,8.0,9.6,8.8,3.5,3.1,3.3,3.5,5.4,4.4,3.4,5.7,8.8,7.7,10.0,8.8,19.3,16.9,21.8,52.8,58.4,46.8,27.9,24.7,31.4
2011-GA,70.5,76.0,73.2,29.7,27.8,28.7,10.0,10.3,10.1,3.2,3.7,3.4,3.6,5.4,4.4,3.4,5.5,8.6,7.5,9.9,8.6,21.2,18.2,24.3,56.7,62.8,50.1,22.1,18.9,25.5
2011-HI,76.0,81.8,79.0,20.1,25.6,23.0,7.4,8.1,7.7,1.9,2.6,2.2,2.1,3.3,2.6,1.6,4.4,5.6,4.3,7.2,5.6,16.8,13.9,19.7,57.3,63.8,50.8,25.9,22.3,29.5
2011-ID,78.3,79.4,78.8,28.7,26.8,27.7,8.0,10.1,9.0,2.2,2.3,2.2,3.1,4.8,3.9,2.6,4.8,7.3,6.1,8.6,7.3,17.2,15.0,19.4,58.5,64.0,52.8,24.4,21.0,27.7
2011-IL,73.6,76.7,75.2,26.6,28.9,27.7,7.9,10.8,9.3,3.3,2.6,3.0,2.8,3.6,3.2,2.3,4.4,7.2,6.6,7.9,7.2,20.9,17.8,24.2,54.7,60.8,48.4,24.4,21.5,27.4
2011-IN,71.5,71.0,71.2,30.9,31.1,31.0,9.4,10.0,9.6,3.2,3.2,3.2,3.5,5.7,4.5,3.7,6.9,9.0,7.6,10.5,9.0,25.6,23.8,27.6,49.7,54.7,44.4,24.7,21.6,28.1
2011-IA,76.1,73.5,74.7,28.0,30.6,29.2,6.9,7.9,7.4,2.1,2.1,2.1,2.5,4.2,3.3,2.5,4.5,6.6,5.4,8.0,6.6,20.4,18.6,22.2,54.6,60.5,48.4,25.0,20.9,29.4
2011-KS,74.3,72.9,73.6,29.8,30.6,30.2,8.2,9.8,9.0,2.6,2.5,2.5,3.4,5.1,4.2,2.8,5.6,7.9,6.7,9.3,7.9,22.0,19.5,24.6,55.6,60.8,50.2,22.4,19.7,25.2
2011-KY,70.7,72.2,71.4,31.3,30.2,30.7,10.0,10.2,10.0,3.7,3.5,3.6,4.5,6.6,5.4,4.1,7.3,10.3,8.8,11.9,10.3,29.0,26.6,31.6,46.8,51.7,41.5,24.2,21.8,26.9
2011-LA,63.5,69.8,66.5,34.9,34.5,34.7,10.7,12.1,11.4,3.8,3.3,3.6,4.2,5.3,4.7,3.9,6.0,9.5,8.8,10.4,9.5,25.7,22.3,29.5,52.2,58.7,45.2,22.0,19.0,25.3
2011-ME,78.5,77.7,78.1,28.3,28.3,28.3,7.5,9.1,8.2,2.3,2.5,2.4,3.2,5.5,4.3,2.9,6.3,8.0,6.2,9.9,8.0,22.8,20.6,25.1,45.6,50.1,40.8,31.6,29.2,34.1
2011-MD,72.7,75.9,74.2,28.2,29.0,28.6,8.5,9.5,9.0,2.5,2.5,2.5,3.1,4.8,3.8,2.8,5.4,7.4,6.2,8.9,7.4,19.1,17.2,21.2,58.3,61.2,55.1,22.6,21.6,23.7
2011-MA,75.9,78.1,76.9,21.5,24.6,23.0,6.7,8.3,7.4,1.8,2.3,2.0,2.6,4.5,3.4,2.3,5.0,6.6,5.2,8.3,6.6,18.2,16.9,19.7,53.5,55.5,51.3,28.3,27.6,29.1
2011-MI,76.0,78.3,77.1,31.6,32.2,31.8,8.6,9.6,9.1,3.0,2.9,2.9,3.6,5.4,4.4,3.6,5.9,8.4,7.5,9.6,8.4,23.3,19.6,27.2,51.0,56.8,44.9,25.7,23.5,27.9
2011-MN,78.4,78.4,78.4,23.3,29.3,26.4,6.2,7.8,6.9,1.7,2.3,2.0,2.1,3.9,3.0,1.8,4.8,6.0,4.4,7.9,6.0,19.1,17.0,21.2,54.7,58.8,50.5,26.2,24.3,28.2
2011-MS,61.9,67.0,64.3,38.7,33.0,35.8,12.2,11.2,11.7,3.9,3.5,3.7,4.0,4.7,4.3,3.5,6.8,9.8,8.9,11.0,9.8,26.0,21.8,30.5,52.8,62.2,42.4,21.3,16.0,27.1
2011-MO,72.4,72.1,72.2,31.2,30.4,30.8,9.2,9.7,9.4,3.4,3.2,3.3,3.3,5.3,4.2,3.6,6.6,8.9,7.4,10.6,8.9,25.0,23.6,26.4,50.0,55.6,44.0,25.0,20.8,29.6
2011-MT,76.8,76.0,76.4,23.8,26.1,25.0,6.9,7.1,7.0,2.9,2.7,2.8,2.3,4.8,3.5,2.8,5.7,7.6,6.2,9.0,7.6,22.1,21.0,23.2,51.0,55.6,46.3,26.9,23.4,30.5
2011-NE,75.4,72.9,74.1,28.3,30.1,29.1,7.4,8.3,7.8,2.4,2.4,2.4,2.7,4.7,3.6,2.6,5.6,7.3,5.7,9.1,7.3,20.0,17.9,22.1,55.7,61.0,50.2,24.3,21.0,27.7
2011-NV,74.6,77.5,76.0,24.5,25.8,25.2,8.8,11.6,10.2,3.3,2.9,3.1,3.5,4.7,4.0,3.6,6.7,8.2,7.0,9.7,8.2,22.9,20.2,25.6,52.5,57.4,47.7,24.6,22.4,26.8
2011-NH,78.7,77.3,77.9,24.2,28.0,26.1,6.5,9.2,7.8,2.4,2.3,2.3,2.5,4.3,3.4,2.2,5.3,6.5,5.2,8.0,6.5,19.4,18.5,20.4,51.3,52.8,49.8,29.2,28.7,29.8
2011-NJ,71.9,76.4,74.0,21.9,25.8,23.8,7.1,9.1,8.1,2.4,1.9,2.2,2.6,5.0,3.7,2.8,5.2,7.3,5.9,8.9,7.3,16.8,14.6,19.1,57.4,61.7,52.8,25.8,23.7,28.0
2011-NM,74.1,75.9,75.0,27.3,27.2,27.3,9.2,9.7,9.4,2.5,2.4,2.4,2.4,4.5,3.4,2.5,5.9,7.2,5.5,9.0,7.2,21.5,18.2,24.9,53.6,60.4,46.5,24.9,21.4,28.6
2011-NY,72.1,76.3,74.1,23.9,25.9,24.9,9.2,10.3,9.7,1.9,2.0,1.9,2.8,4.9,3.8,2.1,4.6,6.5,5.2,8.1,6.5,18.1,16.8,19.5,56.4,60.2,52.4,25.4,23.0,28.1
2011-NC,72.1,75.6,73.7,30.6,29.1,29.9,9.8,10.6,10.1,2.9,2.9,2.9,3.5,5.0,4.2,2.6,5.8,8.4,7.0,10.0,8.4,21.8,19.2,24.5,53.4,60.8,45.5,24.8,20.0,29.9
2011-ND,75.3,71.8,73.4,26.1,31.4,28.8,7.0,8.6,7.7,2.1,1.9,2.0,2.7,5.0,3.7,2.6,5.4,6.7,5.3,8.3,6.7,21.9,19.5,24.2,52.9,58.5,47.3,25.3,22.0,28.5
2011-OH,72.6,75.2,73.7,27.6,31.8,29.7,8.7,9.5,9.1,2.7,3.0,2.8,3.4,5.7,4.5,2.9,6.3,8.5,6.8,10.5,8.5,25.1,24.2,26.0,49.7,53.9,45.1,25.2,21.9,28.9
2011-OK,69.4,69.4,69.3,32.5,31.5,31.9,9.4,11.9,10.5,3.6,2.7,3.1,3.7,5.5,4.5,3.2,6.9,8.9,7.9,10.2,8.9,26.1,24.3,28.1,49.2,54.9,43.2,24.7,20.9,28.8
2011-OR,82.3,79.2,80.6,27.7,26.9,27.2,7.7,9.4,8.5,2.5,2.8,2.6,2.3,4.0,3.1,2.2,4.3,6.4,5.4,7.5,6.4,19.7,18.4,21.1,52.8,56.6,48.9,27.5,25.0,30.0
2011-PA,72.7,76.4,74.5,27.5,29.6,28.5,7.3,9.5,8.3,2.5,3.0,2.7,3.5,5.9,4.6,2.3,5.9,8.0,6.3,10.0,8.0,22.4,21.5,23.5,52.2,56.8,47.2,25.4,21.8,29.3
2011-RI,73.1,75.7,74.3,24.0,28.2,26.1,7.9,7.7,7.8,1.9,2.6,2.2,2.5,5.4,3.8,2.4,5.8,7.0,5.2,9.2,7.0,20.0,18.8,21.4,52.2,55.5,48.7,27.7,25.7,29.9
2011-SC,71.2,75.6,73.3,34.0,29.3,31.6,11.4,11.0,11.2,3.4,3.2,3.3,3.6,4.1,3.8,3.3,5.7,8.4,7.7,9.5,8.4,23.1,20.7,25.8,52.8,59.2,45.9,24.0,20.1,28.2
2011-SD,76.5,71.1,73.8,27.1,31.0,29.0,6.5,10.8,8.6,2.5,2.0,2.3,2.7,5.1,3.8,2.5,6.7,8.1,6.3,10.1,8.1,23.0,21.7,24.4,51.5,56.4,46.6,25.5,21.9,29.0
2011-TN,63.6,67.7,65.6,31.2,28.5,29.9,10.2,10.5,10.3,4.1,2.9,3.5,3.0,6.3,4.6,3.0,6.8,9.1,7.8,10.7,9.1,23.0,21.3,24.8,53.2,56.9,49.2,23.8,21.8,25.9
2011-TX,71.8,73.9,72.8,30.8,32.0,31.3,9.4,11.4,10.3,2.8,2.6,2.7,3.4,5.2,4.2,3.0,5.5,7.5,6.4,8.8,7.5,19.2,15.0,23.6,59.0,67.6,50.3,21.7,17.4,26.2
2011-UT,80.0,81.0,80.5,24.1,27.5,25.9,6.8,8.0,7.4,2.7,2.4,2.5,2.3,4.6,3.4,2.0,5.2,6.9,5.4,8.5,6.9,11.8,9.6,14.1,72.2,78.8,65.6,16.0,11.6,20.3
2011-VT,80.9,78.4,79.7,23.7,27.7,25.8,6.2,7.4,6.8,2.4,2.1,2.3,2.6,4.3,3.4,2.7,5.0,6.8,5.8,7.9,6.8,19.1,16.5,21.8,50.1,53.8,46.3,30.8,29.7,31.9
2011-VA,74.2,76.6,75.4,29.0,30.3,29.6,9.9,9.9,9.9,3.2,2.7,3.0,2.9,4.4,3.6,2.6,5.2,7.7,6.8,9.0,7.7,20.9,20.5,21.3,55.5,58.8,52.0,23.6,20.7,26.7
2011-WA,78.2,78.3,78.2,25.5,28.7,27.1,7.8,9.2,8.5,2.4,2.2,2.3,2.6,4.8,3.6,2.1,5.1,6.8,5.4,8.3,6.8,17.5,16.2,18.8,56.5,61.1,51.8,26.0,22.7,29.4
2011-WV,64.6,68.2,66.3,35.3,31.2,33.1,10.8,10.8,10.8,3.3,3.4,3.3,4.9,6.9,5.8,3.7,7.2,10.6,9.0,12.5,10.6,28.6,25.9,31.5,47.9,54.9,40.4,23.5,19.2,28.1
2011-WI,79.0,77.4,78.2,25.8,30.1,28.0,7.9,7.4,7.6,2.4,2.2,2.3,2.4,4.8,3.5,2.2,5.2,6.7,5.3,8.3,6.7,20.9,19.1,22.7,52.9,58.2,47.5,26.2,22.7,29.8
2011-WY,76.5,73.8,75.1,24.3,26.8,25.5,7.6,8.1,7.8,3.1,2.4,2.7,2.6,4.2,3.4,3.0,5.6,7.3,6.3,8.3,7.3,23.0,21.8,24.2,50.8,55.6,46.2,26.2,22.6,29.6
2012-AL,70.4,76.7,73.4,34.9,32.2,33.6,10.5,11.6,11.0,4.0,4.4,4.2,3.7,6.4,4.9,3.5,7.0,10.4,8.7,12.4,10.4,23.8,21.4,26.4,53.1,59.5,46.3,23.1,19.2,27.4
2012-AK,79.7,82.9,81.4,26.5,27.4,27.0,7.5,6.9,7.2,3.0,2.4,2.7,3.1,3.8,3.4,1.8,4.5,6.5,5.8,7.2,6.5,20.5,18.8,22.1,53.8,57.9,50.0,25.7,23.3,27.9
2012-AZ,76.8,79.5,78.1,26.9,26.9,26.9,9.5,10.8,10.2,2.6,2.8,2.7,2.9,4.6,3.7,3.1,5.8,7.8,6.3,9.4,7.8,17.1,14.7,19.6,56.0,62.7,49.1,26.9,22.6,31.3
2012-AR,67.1,71.1,69.0,36.3,33.9,35.1,10.7,10.2,10.4,4.0,3.4,3.7,4.5,6.4,5.4,4.3,6.4,10.2,9.3,11.4,10.2,25.0,22.8,27.5,50.8,56.9,44.3,24.1,20.4,28.2
2012-CA,79.1,82.7,80.9,24.5,26.8,25.6,8.7,10.6,9.6,2.1,2.5,2.3,2.5,4.3,3.3,2.0,4.2,6.5,5.3,7.9,6.5,12.6,10.1,15.2,63.6,70.1,56.9,23.8,19.9,27.9
2012-CO,82.1,84.2,83.1,20.2,21.6,20.9,6.2,8.1,7.1,2.1,1.4,1.8,2.0,3.9,2.9,1.7,4.0,5.5,4.5,6.7,5.5,17.7,16.3,19.2,56.0,60.8,51.0,26.3,22.9,29.8
2012-CT,77.8,79.6,78.6,24.6,28.0,26.3,6.6,9.9,8.2,1.7,2.1,1.9,2.2,4.7,3.3,1.9,4.8,6.1,4.4,8.0,6.1,16.0,13.7,18.5,55.3,58.9,51.5,28.7,27.4,30.1
2012-DE,74.9,80.1,77.4,28.4,27.1,27.7,7.6,9.8,8.6,3.0,3.0,3.0,3.7,5.2,4.4,3.3,5.8,8.6,7.4,10.1,8.6,19.7,18.9,20.7,53.4,57.4,49.0,26.9,23.7,30.3
2012-DC,81.9,81.9,81.9,27.0,19.1,23.2,8.9,9.0,8.9,4.0,3.2,3.5,2.7,4.2,3.4,2.8,4.1,8.0,8.1,8.0,8.0,19.6,17.0,22.6,59.5,64.9,53.3,20.9,18.1,24.1
2012-FL,75.2,80.4,77.7,25.2,26.9,26.0,9.0,10.9,9.9,3.0,2.4,2.7,4.4,5.5,4.9,4.3,5.5,8.5,8.0,9.1,8.5,17.7,15.8,19.7,54.5,60.7,47.9,27.8,23.5,32.5
2012-GA,74.7,78.7,76.6,31.5,28.2,29.8,9.4,9.8,9.5,3.1,3.2,3.1,3.3,5.6,4.4,2.8,5.5,8.4,7.1,10.0,8.4,20.4,17.4,23.5,58.5,65.7,50.7,21.1,16.8,25.8
2012-HI,78.6,85.5,82.0,21.4,28.1,24.8,6.7,7.2,7.0,2.4,2.7,2.6,2.0,2.9,2.4,2.3,3.6,5.8,5.0,6.6,5.8,14.6,11.6,17.5,59.8,66.7,52.9,25.6,21.7,29.6
2012-ID,80.2,80.5,80.3,26.5,28.1,27.4,7.1,8.4,7.7,2.5,2.4,2.4,2.3,4.3,3.3,2.1,4.4,6.7,5.4,8.1,6.7,16.4,16.6,16.3,59.3,61.0,57.5,24.3,22.4,26.2
2012-IL,77.4,80.0,78.6,28.5,29.1,28.7,7.6,10.1,8.8,2.1,2.9,2.5,2.5,5.6,3.9,2.6,5.6,7.3,5.4,9.4,7.3,18.6,16.2,21.1,57.0,63.2,50.4,24.4,20.6,28.5
2012-IN,73.6,76.1,74.8,31.4,32.8,32.1,9.6,10.6,10.1,2.9,3.2,3.1,4.0,5.9,4.9,3.0,6.0,8.7,7.5,10.1,8.7,24.0,21.6,26.5,52.4,58.8,45.6,23.7,19.6,28.0
2012-IA,78.3,77.7,78.0,29.9,32.0,31.0,7.8,9.6,8.7,2.2,3.0,2.6,2.6,5.2,3.9,2.9,5.8,7.4,5.5,9.5,7.4,18.1,16.5,19.8,56.9,62.9,50.5,25.0,20.6,29.7
2012-KS,75.6,79.5,77.5,30.1,31.1,30.6,8.2,9.4,8.8,2.4,2.9,2.7,3.1,5.1,4.0,2.6,5.7,7.7,6.1,9.5,7.7,19.4,17.7,21.1,56.9,61.5,52.1,23.8,20.8,26.8
2012-KY,69.7,73.1,71.3,31.8,32.0,31.9,9.5,10.0,9.7,3.7,4.1,3.9,4.6,6.4,5.4,4.3,7.8,10.8,9.2,12.5,10.8,28.3,26.1,30.6,46.2,52.7,39.4,25.5,21.2,30.0
2012-LA,66.8,74.2,70.4,36.6,34.5,35.6,11.8,11.4,11.5,3.7,3.7,3.7,4.1,5.0,4.5,3.8,5.3,9.6,8.9,10.4,9.6,24.8,21.1,28.6,53.4,60.4,45.8,21.9,18.5,25.5
2012-ME,80.6,80.1,80.4,26.7,30.6,28.7,7.8,8.6,8.2,2.5,2.4,2.4,2.7,5.5,4.0,2.7,5.7,7.6,6.1,9.3,7.6,20.3,17.8,23.0,48.6,53.1,43.7,31.1,29.2,33.2
2012-MD,74.8,80.4,77.5,28.7,26.8,27.8,9.3,9.5,9.4,2.8,1.9,2.4,2.6,4.9,3.6,2.4,4.7,6.9,5.9,8.2,6.9,16.2,14.9,17.5,60.4,64.0,56.5,23.4,21.1,26.0
2012-MA,79.6,82.0,80.7,21.5,24.9,23.2,6.9,8.5,7.7,1.6,2.1,1.8,2.1,5.1,3.5,2.1,4.9,6.3,4.4,8.5,6.3,16.4,14.8,18.0,55.9,58.4,53.2,27.7,26.8,28.8
2012-MI,75.6,79.0,77.3,31.1,33.1,32.2,8.4,10.6,9.4,3.0,3.2,3.1,3.0,5.9,4.4,2.8,6.5,8.6,6.8,10.6,8.6,23.3,22.8,23.8,50.9,54.2,47.4,25.8,23.0,28.8
2012-MN,82.2,83.5,82.8,24.2,28.0,26.1,6.0,7.7,6.8,1.9,2.5,2.2,2.1,4.4,3.2,2.2,5.1,6.3,4.6,8.2,6.3,18.8,16.0,21.7,54.0,59.2,48.7,27.2,24.8,29.6
2012-MS,66.9,72.7,69.7,38.4,32.5,35.4,12.0,11.6,11.8,4.1,4.0,4.0,4.4,5.2,4.8,3.4,7.0,10.2,9.1,11.6,10.2,24.0,21.0,27.3,55.3,62.7,47.2,20.7,16.3,25.5
2012-MO,73.3,78.8,76.0,30.5,30.5,30.4,8.9,10.8,9.8,3.4,2.9,3.1,3.3,5.6,4.4,3.2,5.9,8.6,7.4,10.1,8.6,23.9,21.8,26.2,52.2,56.5,47.6,23.9,21.7,26.3
2012-MT,81.9,79.0,80.5,23.6,25.4,24.5,5.7,6.9,6.3,2.3,3.0,2.7,2.1,4.1,3.1,2.3,5.2,7.0,5.1,8.9,7.0,19.7,18.8,20.6,53.1,57.1,49.0,27.2,24.1,30.5
2012-NE,79.4,79.9,79.6,28.8,29.7,29.2,7.0,8.0,7.5,1.9,2.5,2.2,2.5,4.6,3.5,2.4,5.0,6.9,5.2,8.8,6.9,19.7,18.1,21.4,55.9,61.0,50.5,24.4,20.9,28.1
2012-NV,77.0,81.3,79.1,26.1,27.2,26.7,8.1,8.7,8.4,3.0,2.7,2.8,3.3,4.6,3.9,3.0,5.4,8.0,7.2,9.0,8.0,18.1,16.4,19.9,57.4,62.0,52.8,24.5,21.6,27.4
2012-NH,80.3,81.7,81.0,25.6,29.0,27.3,6.9,8.9,7.9,1.5,2.5,2.0,2.6,4.6,3.6,2.2,5.2,6.5,4.7,8.5,6.5,17.2,14.5,20.0,51.3,55.3,47.1,31.6,30.3,32.9
2012-NJ,73.9,77.7,75.7,23.0,26.3,24.7,7.6,9.2,8.4,2.1,2.0,2.0,2.5,4.9,3.6,2.4,4.6,6.6,5.3,8.2,6.6,17.3,14.6,20.3,57.2,61.9,52.1,25.5,23.5,27.7
2012-NM,76.8,80.9,78.8,28.9,27.8,28.4,8.8,10.0,9.4,2.4,2.8,2.6,2.8,4.3,3.5,2.5,5.3,7.0,5.7,8.3,7.0,19.3,16.7,22.0,55.8,62.9,48.3,24.9,20.4,29.7
2012-NY,73.3,78.6,75.8,23.0,25.2,24.1,7.7,10.3,8.9,2.2,2.6,2.4,3.1,5.4,4.2,2.4,5.2,7.1,6.0,8.5,7.1,16.2,13.2,19.5,58.6,65.1,51.4,25.2,21.7,29.1
2012-NC,73.2,78.2,75.6,30.4,30.2,30.3,9.1,10.3,9.7,2.5,3.3,2.9,3.4,4.6,4.0,3.1,5.4,8.1,6.8,9.6,8.1,20.9,19.3,22.6,53.6,59.5,47.2,25.5,21.2,30.2
2012-ND,77.9,75.8,76.7,27.5,33.3,30.5,7.1,8.6,7.8,1.9,2.6,2.2,2.6,4.8,3.7,2.7,5.5,6.8,5.1,8.6,6.8,21.2,18.8,23.6,54.1,59.9,48.4,24.7,21.3,28.0
2012-OH,74.3,77.2,75.7,30.0,30.9,30.5,9.4,11.6,10.4,2.6,2.8,2.7,3.9,5.7,4.7,3.2,6.7,8.6,7.1,10.5,8.6,23.3,21.3,25.4,52.1,57.6,46.1,24.6,21.1,28.5
2012-OK,71.9,72.9,72.4,32.2,33.5,32.8,9.6,11.9,10.7,3.5,3.1,3.3,4.2,5.4,4.7,3.8,6.5,9.2,8.2,10.4,9.2,23.3,22.2,24.4,52.4,58.4,46.0,24.4,19.4,29.6
2012-OR,84.2,84.4,84.3,28.3,27.7,27.9,9.0,9.3,9.1,3.0,2.9,2.9,3.0,5.4,4.1,2.7,4.9,7.7,6.6,9.1,7.7,17.9,17.1,18.7,54.4,58.8,49.8,27.8,24.1,31.5
2012-PA,76.1,79.6,77.8,29.7,29.0,29.3,8.6,9.5,9.0,2.4,2.7,2.6,2.9,5.8,4.2,2.7,5.9,7.9,6.0,10.0,7.9,21.4,19.7,23.2,53.2,58.4,47.5,25.5,22.0,29.3
2012-RI,75.8,79.0,77.3,23.7,28.5,26.1,8.2,9.7,8.9,2.2,2.2,2.1,2.6,5.5,3.9,3.0,6.3,7.5,5.7,9.7,7.5,17.4,16.2,18.8,54.9,57.8,51.8,27.6,26.0,29.5
2012-SC,72.0,79.1,75.4,34.1,30.7,32.4,10.6,10.7,10.6,3.2,3.5,3.3,3.9,5.4,4.6,3.2,6.2,9.0,7.6,10.6,9.0,22.5,19.1,26.2,51.8,58.5,44.5,25.6,22.3,29.2
2012-SD,80.6,76.4,78.5,28.0,29.0,28.5,7.2,7.0,7.1,2.4,2.1,2.3,2.2,4.7,3.4,2.0,6.0,7.1,5.4,9.0,7.1,22.0,19.3,24.7,51.6,56.7,46.3,26.5,24.0,29.0
2012-TN,69.9,75.0,72.4,33.2,31.0,32.0,10.7,11.1,10.8,3.4,3.3,3.3,5.2,7.8,6.4,3.7,8.4,10.9,9.4,12.7,10.9,24.9,22.7,27.2,51.0,57.4,44.0,24.2,19.9,28.8
2012-TX,71.2,74.6,72.8,30.8,29.1,29.9,10.0,11.4,10.7,2.4,3.0,2.7,2.6,5.4,3.9,2.4,5.2,7.4,5.7,9.3,7.4,18.2,13.1,23.4,60.4,69.6,50.9,21.4,17.3,25.7
2012-UT,81.6,84.4,83.0,25.7,26.2,25.9,7.4,8.3,7.8,2.4,2.0,2.2,2.0,3.8,2.9,2.1,4.0,6.1,5.3,7.1,6.1,10.6,9.2,11.9,72.9,78.5,67.2,16.5,12.3,20.9
2012-VT,84.3,83.7,84.0,22.6,24.3,23.4,6.1,6.5,6.2,2.2,1.9,2.1,2.4,4.4,3.4,2.3,4.9,6.4,5.1,7.9,6.4,16.5,14.8,18.2,52.8,56.2,49.1,30.8,29.0,32.6
2012-VA,76.1,79.9,77.9,27.6,28.2,27.9,9.9,10.0,10.0,2.9,2.9,2.9,2.9,5.8,4.3,2.8,5.8,7.9,6.4,9.7,7.9,19.0,16.6,21.6,57.2,62.7,51.4,23.8,20.8,27.0
2012-WA,80.6,82.1,81.3,26.9,27.7,27.3,8.2,8.3,8.2,2.2,2.3,2.3,2.6,4.3,3.4,2.3,4.2,6.5,5.6,7.6,6.5,17.2,15.7,18.7,56.3,60.8,51.6,26.6,23.5,29.7
2012-WV,67.2,74.1,70.6,33.1,34.4,33.8,11.3,11.1,11.2,4.0,3.2,3.6,6.8,7.8,7.3,4.6,7.9,12.6,11.6,13.6,12.6,28.2,27.6,28.7,46.5,51.8,41.0,25.3,20.6,30.3
2012-WI,79.8,81.1,80.5,29.1,29.9,29.4,7.2,7.9,7.5,1.9,2.6,2.2,2.5,4.7,3.5,2.0,6.1,6.9,4.5,9.6,6.9,20.4,19.5,21.3,52.7,56.3,48.8,27.0,24.2,29.8
2012-WY,78.2,80.6,79.4,27.6,23.4,25.3,7.5,9.4,8.4,2.2,2.1,2.1,2.5,4.6,3.5,2.8,5.9,7.1,5.6,8.6,7.1,21.8,18.9,24.6,53.6,60.2,47.1,24.7,20.9,28.3
2013-AL,65.3,73.7,69.3,34.7,31.8,33.2,12.5,12.7,12.6,4.5,4.0,4.2,4.0,5.5,4.7,3.6,7.1,10.6,9.0,12.4,10.6,21.5,18.2,25.1,55.1,62.5,47.1,23.4,19.3,27.9
2013-AK,78.3,77.1,77.7,27.9,30.3,29.1,6.7,7.6,7.2,2.2,2.3,2.3,2.3,4.3,3.3,2.0,4.2,6.5,5.1,7.8,6.5,22.6,22.2,22.9,50.7,53.4,48.2,26.7,24.4,28.9
2013-AZ,73.2,76.7,75.1,28.2,27.5,27.8,8.9,11.1,10.0,2.8,2.3,2.6,2.9,4.5,3.7,2.8,5.3,8.1,7.0,9.4,8.1,16.3,13.5,19.3,57.6,64.0,51.0,26.0,22.5,29.7
2013-AR,64.7,68.4,66.4,35.2,35.7,35.4,9.2,11.7,10.4,3.7,4.4,4.0,4.2,5.1,4.6,3.4,5.7,9.7,8.9,10.7,9.7,25.9,25.2,26.7,49.1,56.2,41.4,25.0,18.5,31.9
2013-CA,78.5,79.1,78.8,23.6,25.8,24.7,9.6,10.2,9.9,1.8,2.4,2.1,1.9,4.2,3.0,2.2,4.5,6.3,4.8,7.9,6.3,12.5,9.1,16.1,64.7,72.0,57.1,22.8,19.0,26.8
2013-CO,81.7,82.8,82.2,22.2,21.1,21.6,5.4,7.1,6.2,1.8,1.7,1.7,1.7,3.2,2.4,1.9,4.1,5.4,4.4,6.5,5.4,17.7,16.4,19.0,56.1,60.4,51.8,26.2,23.2,29.2
2013-CT,74.3,77.3,75.8,24.4,26.0,25.1,6.4,8.3,7.3,2.2,1.8,2.0,2.5,4.5,3.4,2.2,4.6,6.5,5.6,7.7,6.5,15.5,14.3,16.8,56.3,59.1,53.3,28.2,26.6,29.9
2013-DE,70.6,75.4,72.9,32.1,31.0,31.6,10.1,10.1,10.1,3.3,2.8,3.0,3.4,4.8,4.0,2.9,4.4,8.0,7.2,8.9,8.0,19.6,17.3,22.0,55.0,59.3,50.3,25.4,23.3,27.7
2013-DC,77.7,83.2,80.1,26.9,21.4,24.2,9.2,7.7,8.5,3.7,3.0,3.4,2.6,3.1,2.8,4.4,4.2,7.9,8.3,7.6,7.9,18.8,14.7,23.4,59.8,66.0,52.8,21.4,19.3,23.8
2013-FL,70.8,75.5,73.1,25.9,27.9,26.9,8.2,10.5,9.3,3.1,3.2,3.1,3.0,5.3,4.1,3.2,6.2,8.4,7.1,10.0,8.4,16.8,14.4,19.5,55.0,60.7,48.9,28.1,24.9,31.6
2013-GA,69.3,77.2,73.1,31.9,29.4,30.6,11.1,9.7,10.4,3.1,2.3,2.7,2.9,4.4,3.6,3.0,4.6,7.4,7.1,7.8,7.4,18.8,15.4,22.6,60.5,67.6,52.9,20.6,17.0,24.5
2013-HI,75.1,81.6,78.4,19.7,25.7,22.7,7.1,7.7,7.4,2.1,2.6,2.3,1.4,3.2,2.3,1.4,4.4,5.6,4.0,7.3,5.6,13.3,11.0,15.7,59.4,65.6,53.1,27.3,23.3,31.2
2013-ID,77.0,76.1,76.5,28.1,31.8,30.1,6.7,8.9,7.8,2.3,1.9,2.1,2.4,4.1,3.2,2.0,4.8,6.3,5.3,7.5,6.3,17.2,15.0,19.4,58.2,63.9,52.3,24.7,21.0,28.3
2013-IL,73.9,77.0,75.4,31.2,28.4,29.9,9.2,9.2,9.2,2.5,2.8,2.7,3.0,4.3,3.6,2.7,5.2,7.5,6.4,8.9,7.5,18.0,15.0,21.2,57.2,62.1,51.9,24.8,22.8,26.9
2013-IN,67.7,71.6,69.6,33.3,31.5,32.4,9.1,11.0,10.0,2.7,2.8,2.7,3.0,4.9,3.9,3.2,6.4,8.2,6.9,9.8,8.2,21.9,20.4,23.5,52.9,57.7,47.8,25.2,21.9,28.7
2013-IA,73.2,71.7,72.3,30.4,33.1,31.8,8.1,8.5,8.3,2.4,2.6,2.5,2.8,5.2,3.9,2.5,5.7,7.3,5.6,9.2,7.3,19.5,16.6,22.5,56.1,62.2,49.9,24.4,21.2,27.7
2013-KS,73.8,74.0,73.9,30.1,31.4,30.7,8.4,9.4,8.8,2.5,3.0,2.7,2.8,4.9,3.8,2.5,5.2,7.6,6.1,9.2,7.6,20.0,17.8,22.3,55.9,61.8,49.8,24.0,20.4,27.8
2013-KY,69.6,71.8,70.7,33.9,33.6,33.7,9.4,10.0,9.7,3.9,3.7,3.8,4.5,6.6,5.4,3.7,7.3,10.6,8.9,12.5,10.6,26.5,24.6,28.4,47.5,52.7,42.2,26.0,22.7,29.4
2013-LA,65.4,71.5,68.3,35.9,32.3,34.2,11.7,10.1,10.9,3.1,4.4,3.8,4.3,4.9,4.6,3.2,6.9,10.0,8.4,11.9,10.0,23.5,20.0,27.3,53.9,61.5,45.6,22.6,18.4,27.1
2013-ME,78.6,77.6,78.1,29.0,28.8,28.9,7.3,8.9,8.0,1.6,2.4,2.0,2.5,5.4,3.9,2.8,5.6,7.0,5.2,8.9,7.0,20.2,18.2,22.4,48.7,53.1,44.0,31.1,28.7,33.6
2013-MD,73.6,77.2,75.3,29.4,28.1,28.7,9.1,9.2,9.1,2.9,2.7,2.8,2.2,4.0,3.0,2.5,4.6,7.1,6.2,8.1,7.1,16.4,13.7,19.4,61.3,66.8,55.2,22.3,19.5,25.4
2013-MA,76.2,78.2,77.1,21.7,26.2,23.9,7.2,8.4,7.7,1.9,2.5,2.2,2.2,3.8,2.9,2.5,4.6,6.2,5.1,7.6,6.2,16.6,14.7,18.7,56.1,59.6,52.4,27.2,25.7,28.8
2013-MI,75.8,76.8,76.3,32.3,31.8,32.0,8.5,10.1,9.3,3.1,3.4,3.2,3.0,6.2,4.5,3.1,6.1,8.8,6.9,10.9,8.8,21.4,18.3,24.7,51.6,57.7,45.1,27.0,24.0,30.2
2013-MN,77.6,76.6,77.1,24.5,27.7,26.1,6.3,7.4,6.8,1.7,2.0,1.9,2.1,3.5,2.8,1.9,3.4,5.7,4.6,6.8,5.7,18.0,16.7,19.4,54.2,57.3,50.9,27.8,26.0,29.7
2013-MS,58.5,67.0,62.6,37.6,34.1,35.8,12.5,11.4,12.0,4.4,3.8,4.1,4.0,5.1,4.5,3.4,6.0,9.5,8.9,10.1,9.5,24.8,22.0,28.0,53.7,61.4,45.3,21.4,16.6,26.8
2013-MO,72.4,72.4,72.3,30.4,31.4,31.0,8.9,8.4,8.7,3.0,2.8,2.9,3.0,5.2,4.0,2.9,6.9,8.6,6.9,10.6,8.6,22.1,20.1,24.3,52.7,57.6,47.5,25.2,22.4,28.2
2013-MT,80.0,77.0,78.4,23.2,26.8,25.1,5.9,7.4,6.7,2.7,2.7,2.7,2.0,3.7,2.9,2.6,4.9,6.9,5.8,8.1,6.9,19.0,17.3,20.7,54.2,58.1,50.3,26.8,24.6,29.0
2013-NE,76.4,73.8,75.1,28.7,31.3,30.0,7.5,9.5,8.5,2.4,2.1,2.2,2.6,4.8,3.6,2.4,4.9,6.9,5.6,8.4,6.9,18.5,17.2,19.8,56.9,62.6,50.9,24.7,20.3,29.3
2013-NV,73.9,80.1,76.9,26.9,27.0,27.0,8.1,10.0,9.0,2.6,2.6,2.6,2.6,3.6,3.1,3.3,4.9,7.6,7.0,8.3,7.6,19.4,18.1,20.6,58.1,61.0,55.3,22.5,20.9,24.1
2013-NH,77.6,79.1,78.3,25.0,28.7,26.9,6.9,9.3,8.0,2.0,1.9,2.0,2.4,4.7,3.5,2.1,4.8,6.3,4.9,7.9,6.3,16.2,15.8,16.7,52.7,55.1,50.2,31.0,29.0,33.1
2013-NJ,70.7,76.9,73.6,25.2,28.2,26.7,7.2,9.6,8.3,2.3,2.2,2.3,2.6,4.2,3.3,2.6,4.7,7.1,6.0,8.3,7.1,15.7,13.9,17.5,58.6,62.2,54.7,25.8,23.9,27.7
2013-NM,74.6,77.2,75.8,28.7,26.5,27.6,9.8,10.1,9.9,2.2,2.3,2.2,2.1,3.5,2.8,2.5,4.7,6.2,5.2,7.4,6.2,19.1,16.2,22.2,55.5,62.7,48.0,25.4,21.2,29.8
2013-NY,72.4,75.3,73.8,26.1,25.4,25.8,9.9,9.7,9.8,2.3,2.2,2.2,3.1,4.9,3.9,3.1,5.6,7.6,6.3,9.1,7.6,16.6,14.1,19.3,58.4,63.7,52.5,25.0,22.1,28.2
2013-NC,72.6,75.4,74.0,30.8,29.2,29.9,10.2,10.8,10.4,3.5,3.2,3.4,3.4,5.1,4.1,3.1,5.3,8.6,7.5,10.0,8.6,20.3,17.3,23.4,54.7,61.9,46.8,25.1,20.7,29.7
2013-ND,73.0,72.5,72.8,28.9,34.8,32.0,7.1,9.7,8.4,2.2,2.3,2.2,2.9,4.5,3.6,2.0,5.5,6.9,5.4,8.6,6.9,21.2,19.4,22.9,53.7,60.0,47.4,25.1,20.6,29.7
2013-OH,71.7,73.3,72.4,31.3,30.4,30.8,8.8,9.5,9.1,3.3,3.3,3.3,3.1,4.9,3.9,3.0,6.4,8.4,7.0,10.1,8.4,23.4,22.6,24.1,51.4,54.9,47.6,25.3,22.5,28.3
2013-OK,66.9,68.7,67.8,32.7,33.5,33.1,9.0,11.5,10.2,3.2,3.0,3.1,3.7,5.6,4.5,3.5,6.6,8.8,7.5,10.4,8.8,23.7,21.7,25.8,51.8,56.7,46.6,24.5,21.6,27.6
2013-OR,83.0,80.8,81.9,25.2,28.7,27.0,7.7,9.0,8.3,2.0,3.4,2.7,2.9,5.1,4.0,2.0,4.8,7.4,5.2,9.7,7.4,17.3,16.0,18.7,55.4,59.0,51.6,27.3,25.0,29.7
2013-PA,73.4,76.3,74.8,29.4,30.5,30.0,8.7,9.1,8.8,2.9,2.7,2.8,3.3,5.2,4.1,2.8,5.6,8.1,6.9,9.6,8.1,21.0,18.6,23.5,53.1,58.7,47.0,26.0,22.7,29.5
2013-RI,72.6,75.1,73.8,26.5,29.5,28.0,7.2,9.7,8.3,2.2,2.6,2.4,2.4,4.9,3.5,2.7,6.2,7.3,5.7,9.3,7.3,17.4,15.9,19.1,54.0,57.2,50.5,28.6,26.9,30.4
2013-SC,71.6,76.3,73.9,34.5,31.2,32.9,11.6,10.7,11.2,3.3,3.5,3.4,3.2,5.3,4.2,2.6,6.1,8.5,6.9,10.3,8.5,22.0,18.1,26.2,52.7,59.5,45.4,25.3,22.4,28.4
2013-SD,79.3,74.3,76.7,28.1,33.6,31.0,8.1,8.3,8.1,2.3,2.6,2.4,3.1,5.1,4.0,2.8,6.2,8.3,6.6,10.2,8.3,19.6,19.4,19.7,53.1,57.9,48.2,27.4,22.7,32.1
2013-TN,61.3,65.6,63.3,35.5,33.3,34.3,10.9,11.6,11.2,3.7,3.4,3.6,4.5,6.7,5.5,4.1,8.2,11.0,9.5,12.8,11.0,24.3,22.0,26.8,51.6,57.4,45.3,24.1,20.6,27.9
2013-TX,66.7,73.4,70.1,32.8,30.5,31.6,10.0,11.9,10.9,2.4,2.6,2.5,2.8,4.1,3.4,3.0,5.0,7.1,6.1,8.3,7.1,15.9,13.1,18.7,62.1,68.8,55.1,22.0,18.1,26.2
2013-UT,78.3,80.1,79.2,25.1,26.1,25.6,7.2,8.3,7.7,2.4,2.0,2.2,2.1,3.9,3.0,2.0,4.5,6.3,5.1,7.6,6.3,10.3,8.8,11.9,72.4,78.1,66.6,17.3,13.1,21.6
2013-VT,81.3,79.9,80.6,24.5,26.0,25.2,6.1,7.4,6.7,1.8,2.8,2.3,1.9,4.3,3.0,2.3,4.7,6.6,4.9,8.5,6.6,16.6,15.4,17.9,53.5,55.9,51.0,29.9,28.7,31.1
2013-VA,72.3,77.9,75.0,27.1,27.6,27.4,8.8,9.6,9.2,2.9,2.1,2.5,3.1,4.2,3.6,3.1,3.8,7.0,6.8,7.3,7.0,19.0,16.7,21.6,57.2,62.8,51.2,23.8,20.6,27.2
2013-WA,80.3,80.5,80.4,27.8,27.1,27.4,7.3,8.6,7.9,2.4,2.3,2.3,2.4,4.4,3.4,2.1,5.0,6.8,5.4,8.4,6.8,16.1,14.3,17.8,57.6,62.2,52.9,26.4,23.5,29.3
2013-WV,68.6,71.3,69.8,35.0,36.5,35.8,10.7,11.7,11.2,3.4,3.2,3.3,5.0,7.6,6.2,4.4,8.7,11.3,9.1,13.8,11.3,27.3,26.1,28.6,48.4,53.8,42.8,24.3,20.1,28.6
2013-WI,78.2,75.7,76.9,29.6,30.6,30.0,7.1,7.5,7.3,2.1,1.8,2.0,3.1,5.6,4.3,2.4,4.8,6.9,5.9,8.1,6.9,18.7,17.3,20.1,54.4,58.9,49.8,26.9,23.8,30.1
2013-WY,75.6,75.4,75.5,27.9,29.0,28.5,8.0,8.0,8.0,2.5,2.4,2.4,2.7,4.2,3.5,2.8,5.3,7.4,6.0,8.8,7.4,20.6,19.2,22.1,52.8,58.0,47.6,26.6,22.8,30.3
2014-AL,70.4,76.0,73.0,33.5,35.3,34.4,11.5,12.1,11.8,4.2,4.3,4.2,3.8,6.1,4.9,3.5,7.1,10.4,8.7,12.4,10.4,21.1,19.0,23.5,54.3,61.6,46.3,24.6,19.4,30.2
2014-AK,79.6,81.8,80.8,30.7,30.3,30.4,8.7,6.5,7.5,2.3,2.6,2.5,1.7,3.2,2.4,2.6,4.0,6.1,4.8,7.4,6.1,19.9,18.4,21.3,54.4,58.3,50.9,25.7,23.3,27.9
2014-AZ,77.6,81.1,79.3,30.0,29.8,29.9,8.3,10.0,9.1,2.4,2.8,2.6,2.8,4.2,3.4,2.9,4.8,7.0,6.0,8.2,7.0,16.5,13.9,19.2,57.0,63.9,49.8,26.5,22.2,31.0
2014-AR,69.1,72.1,70.6,37.0,36.9,36.9,11.4,11.7,11.5,4.5,4.6,4.5,4.1,6.7,5.3,3.9,7.9,11.0,9.4,12.8,11.0,24.7,23.4,26.2,50.0,56.3,43.4,25.2,20.3,30.4
2014-CA,77.3,79.7,78.5,25.9,24.5,25.2,9.0,10.9,9.9,2.7,2.4,2.6,3.0,4.2,3.5,2.6,4.2,6.8,6.2,7.4,6.8,12.8,9.5,16.3,64.3,72.4,56.1,22.8,18.2,27.6
2014-CO,82.3,85.3,83.8,21.5,22.2,21.9,6.5,7.4,6.9,1.9,1.4,1.7,2.1,3.7,2.8,2.0,3.9,5.5,4.6,6.5,5.5,15.7,14.6,16.9,57.8,62.6,52.9,26.5,22.8,30.3
2014-CT,77.9,82.7,80.2,26.3,26.3,26.3,7.7,8.4,8.0,2.7,1.8,2.3,2.3,4.0,3.1,2.3,4.2,6.4,5.7,7.3,6.4,15.4,13.5,17.5,56.9,60.1,53.5,27.7,26.4,29.1
2014-DE,74.0,77.6,75.7,32.5,29.5,30.9,9.2,10.5,9.8,2.6,3.0,2.8,2.7,5.6,4.0,2.3,6.5,7.8,5.7,10.3,7.8,19.9,16.6,23.5,55.5,61.9,48.5,24.6,21.5,28.0
2014-DC,77.3,80.8,78.9,24.6,20.5,22.8,9.1,8.8,9.0,3.6,3.2,3.4,1.8,3.4,2.5,2.3,3.3,6.7,6.1,7.4,6.7,16.4,14.6,18.4,64.5,66.5,62.3,19.1,18.9,19.3
2014-FL,74.5,80.1,77.2,27.4,26.7,27.0,9.6,9.4,9.5,2.7,3.2,2.9,3.6,5.4,4.4,3.3,5.6,8.3,7.2,9.7,8.3,17.6,15.5,20.0,54.6,59.8,48.9,27.8,24.7,31.1
2014-GA,74.8,78.9,76.8,33.5,29.5,31.5,10.6,11.3,11.0,3.2,3.1,3.1,3.3,4.5,3.9,3.2,5.4,8.2,7.6,9.0,8.2,17.4,13.6,21.4,60.2,67.8,52.1,22.4,18.6,26.5
2014-HI,77.6,84.4,81.0,22.1,24.1,23.0,8.1,9.7,8.9,2.5,2.9,2.7,2.3,3.7,3.0,1.9,3.8,6.1,5.1,7.3,6.1,14.1,12.1,16.2,59.9,65.1,54.8,25.9,22.8,29.1
2014-ID,81.9,81.5,81.7,30.2,29.4,29.7,6.8,7.1,6.9,2.9,2.4,2.6,2.4,3.4,2.9,2.2,4.2,6.4,5.7,7.3,6.4,15.9,15.5,16.4,60.2,64.3,56.0,23.9,20.3,27.6
2014-IL,75.0,78.0,76.4,31.2,28.6,29.8,8.5,10.3,9.4,3.0,2.4,2.7,2.5,4.2,3.2,2.7,4.1,7.2,6.3,8.2,7.2,16.5,14.5,18.7,59.5,64.8,53.9,24.0,20.8,27.4
2014-IN,73.0,76.5,74.7,33.8,33.4,33.5,9.1,10.4,9.7,2.8,3.0,2.9,2.8,5.4,4.0,2.6,6.4,8.2,6.4,10.2,8.2,22.9,21.5,24.5,53.0,58.0,47.8,24.1,20.6,27.7
2014-IA,77.1,79.5,78.3,30.6,32.7,31.6,7.6,9.2,8.3,2.1,2.6,2.4,2.3,4.9,3.5,2.2,5.4,7.0,5.2,9.0,7.0,18.5,17.2,19.9,55.9,61.9,49.6,25.7,21.0,30.6
2014-KS,75.4,78.4,76.9,32.4,32.2,32.3,9.3,9.7,9.5,2.9,2.9,2.9,2.9,4.7,3.7,2.3,5.4,7.4,6.3,8.8,7.4,18.1,16.7,19.5,58.3,62.7,53.7,23.6,20.6,26.7
2014-KY,71.0,74.9,72.9,31.0,34.0,32.5,11.3,11.3,11.3,3.7,3.9,3.8,4.2,6.4,5.2,4.5,7.7,10.9,9.1,12.8,10.9,26.2,25.2,27.2,48.4,53.1,43.3,25.5,21.7,29.5
2014-LA,68.1,74.2,71.0,36.7,35.3,36.0,9.8,11.1,10.4,4.0,2.9,3.5,5.2,6.1,5.6,3.7,6.0,10.6,9.8,11.5,10.6,24.0,20.7,27.6,53.8,60.5,46.6,22.2,18.8,25.8
2014-ME,81.9,81.8,81.8,28.7,28.4,28.6,7.0,8.7,7.8,1.9,3.2,2.5,2.8,5.7,4.1,2.9,6.2,7.6,5.6,9.8,7.6,19.3,17.8,21.0,48.7,52.5,44.6,32.0,29.7,34.5
2014-MD,76.9,81.5,79.1,31.9,28.2,30.0,8.6,9.9,9.2,2.8,2.8,2.8,2.0,3.9,2.9,2.0,3.8,6.4,5.3,7.8,6.4,14.6,12.6,16.8,62.8,67.4,57.8,22.6,20.0,25.4
2014-MA,79.0,82.2,80.5,22.9,24.0,23.4,7.1,10.7,8.8,1.9,2.9,2.4,2.6,5.1,3.7,2.3,5.1,6.9,5.1,9.0,6.9,14.7,12.9,16.7,58.5,61.5,55.1,26.8,25.6,28.2
2014-MI,73.7,76.8,75.2,31.2,31.6,31.4,8.2,10.1,9.1,2.7,3.1,2.9,3.6,5.7,4.6,3.3,5.6,8.5,7.2,10.0,8.5,21.2,18.9,23.7,52.1,56.6,47.4,26.7,24.5,28.9
2014-MN,79.4,81.3,80.3,26.0,30.6,28.3,6.5,8.2,7.4,1.7,2.3,2.0,1.9,4.3,3.0,2.0,4.7,6.0,4.2,8.0,6.0,16.3,14.8,17.9,57.1,61.5,52.4,26.7,23.7,29.7
2014-MS,64.4,73.7,68.9,38.5,34.1,36.4,12.0,11.9,12.0,4.5,3.8,4.2,3.5,5.1,4.2,3.8,4.9,9.7,9.3,10.2,9.7,23.0,22.7,23.2,55.1,60.9,48.9,21.9,16.3,27.9
2014-MO,74.5,77.5,75.9,30.5,30.6,30.6,9.6,10.5,10.0,3.1,3.2,3.2,2.9,5.6,4.2,3.3,6.2,8.7,7.3,10.2,8.7,20.6,19.4,21.9,54.9,60.2,49.3,24.4,20.4,28.8
2014-MT,81.8,81.2,81.5,25.6,28.6,27.2,7.6,7.8,7.7,2.3,2.2,2.2,1.8,3.9,2.8,2.4,4.3,6.1,5.0,7.2,6.1,19.9,19.9,20.0,52.9,55.5,50.3,27.2,24.6,29.7
2014-NE,79.5,79.2,79.3,29.5,32.5,31.0,7.7,9.1,8.4,2.2,2.5,2.4,2.6,4.4,3.4,2.2,4.6,6.8,5.4,8.3,6.8,17.3,16.2,18.5,58.0,62.6,53.2,24.7,21.2,28.2
2014-NV,75.8,80.2,78.0,26.0,30.9,28.6,8.1,9.6,8.8,2.7,3.1,2.9,3.1,5.6,4.3,3.3,5.6,8.3,6.9,9.9,8.3,17.0,13.7,20.2,59.0,64.4,53.5,24.0,21.9,26.3
2014-NH,81.3,82.4,81.8,25.3,30.1,27.8,7.4,8.4,7.8,1.6,2.3,1.9,2.4,4.6,3.4,1.9,4.5,6.2,4.5,8.1,6.2,17.5,16.7,18.4,52.4,55.4,49.3,30.1,28.0,32.4
2014-NJ,74.3,80.3,77.2,25.0,28.4,26.7,7.9,9.4,8.6,2.2,2.3,2.3,3.1,4.9,3.9,2.5,5.0,7.1,5.9,8.7,7.1,15.1,12.6,17.8,60.6,64.9,56.0,24.3,22.5,26.2
2014-NM,74.3,80.0,77.1,30.7,28.5,29.6,9.9,11.1,10.5,2.6,2.5,2.6,2.5,4.5,3.4,2.5,4.9,7.2,6.0,8.6,7.2,19.1,16.5,22.0,55.4,62.3,48.1,25.5,21.3,29.9
2014-NY,73.7,75.4,74.5,26.7,27.7,27.1,8.4,10.1,9.2,2.2,2.1,2.2,2.7,4.9,3.7,2.3,4.7,6.6,5.5,8.0,6.6,14.4,12.0,17.0,62.0,67.2,56.4,23.6,20.9,26.6
2014-NC,76.5,78.7,77.5,32.0,29.1,30.5,9.5,10.2,9.8,3.2,3.4,3.3,3.8,5.0,4.3,3.4,5.7,8.7,7.7,10.0,8.7,19.1,16.5,21.9,56.5,62.8,49.7,24.4,20.7,28.4
2014-ND,79.9,78.7,79.3,30.6,35.8,33.4,7.1,9.1,8.1,1.5,2.6,2.1,2.5,4.7,3.5,2.4,5.7,6.8,4.8,8.9,6.8,19.9,16.3,23.4,56.0,62.4,49.9,24.1,21.2,26.8
2014-OH,75.9,76.5,76.1,33.1,33.4,33.2,9.8,11.1,10.3,3.2,2.9,3.0,3.4,4.8,4.1,3.1,6.4,8.5,7.3,9.9,8.5,21.0,20.4,21.7,54.0,58.2,49.5,25.0,21.5,28.8
2014-OK,71.0,74.2,72.5,33.0,34.5,33.7,10.4,11.6,11.0,3.8,2.6,3.2,3.6,6.0,4.7,3.7,6.1,9.4,8.5,10.5,9.4,21.1,19.1,23.1,53.0,58.4,47.3,26.0,22.5,29.6
2014-OR,83.7,84.6,84.1,29.4,27.8,28.5,7.8,8.0,7.9,2.7,2.1,2.4,3.0,3.8,3.4,3.2,4.9,7.1,6.8,7.4,7.1,17.0,15.8,18.2,55.9,59.5,52.2,27.1,24.7,29.6
2014-PA,77.0,78.5,77.6,30.0,32.0,31.0,8.8,10.7,9.7,2.8,2.9,2.9,3.2,5.4,4.2,2.5,5.7,8.2,6.7,9.9,8.2,19.9,18.9,21.0,55.3,58.8,51.5,24.8,22.3,27.4
2014-RI,76.2,80.6,78.3,25.8,28.8,27.3,7.2,9.5,8.2,1.8,2.6,2.2,2.3,5.0,3.5,2.3,5.3,7.0,5.0,9.2,7.0,16.3,13.9,18.8,56.0,60.0,51.7,27.7,26.1,29.5
2014-SC,73.1,77.6,75.3,33.6,32.6,33.0,10.5,11.0,10.7,3.2,3.5,3.3,3.3,5.2,4.1,2.4,5.9,8.5,6.8,10.4,8.5,21.5,19.1,24.1,53.2,59.9,45.8,25.3,20.9,30.0
2014-SD,77.8,80.7,79.3,29.3,32.4,30.9,7.5,9.0,8.2,2.2,3.1,2.6,2.8,4.4,3.5,2.8,6.1,7.9,6.3,9.5,7.9,18.6,18.4,18.7,55.0,60.4,49.6,26.4,21.2,31.7
2014-TN,71.0,77.5,74.2,31.0,32.3,31.6,11.4,12.3,11.8,3.7,3.8,3.7,4.1,5.8,4.9,3.8,6.4,10.0,8.8,11.5,10.0,24.2,22.6,26.0,51.8,57.8,45.3,24.0,19.6,28.7
2014-TX,70.2,74.8,72.5,31.0,34.2,32.7,10.0,11.9,10.8,2.6,3.2,2.9,2.6,4.8,3.6,2.8,4.6,7.6,6.2,9.1,7.6,14.5,12.5,16.7,64.2,71.0,57.1,21.3,16.5,26.2
2014-UT,81.8,84.2,82.9,27.1,27.0,27.0,7.1,8.3,7.7,2.5,2.2,2.4,1.8,3.7,2.7,1.8,4.7,6.2,5.0,7.6,6.2,9.7,8.2,11.2,74.3,80.2,68.3,16.1,11.6,20.6
2014-VT,81.6,82.5,82.0,24.5,25.5,25.0,6.1,7.5,6.7,1.7,2.1,1.9,2.6,3.9,3.2,2.3,4.0,5.9,5.1,6.9,5.9,16.4,15.0,17.8,52.5,55.4,49.5,31.1,29.6,32.6
2014-VA,75.0,79.1,76.9,29.6,27.7,28.7,8.8,9.2,8.9,2.6,2.6,2.6,2.9,4.5,3.6,2.8,5.1,7.4,6.5,8.6,7.4,19.5,16.6,22.6,57.3,62.6,51.5,23.2,20.7,25.9
2014-WA,82.1,82.4,82.2,26.4,28.8,27.6,7.3,9.2,8.2,2.7,2.6,2.6,2.4,4.1,3.2,2.6,4.2,6.8,5.9,7.8,6.8,15.3,13.8,16.9,58.3,62.3,54.2,26.4,23.9,28.9
2014-WV,69.9,75.8,72.7,36.9,36.0,36.4,11.8,12.3,12.0,4.5,3.4,4.0,5.7,7.4,6.5,4.8,7.5,11.7,10.9,12.7,11.7,26.7,25.6,27.8,46.6,51.8,41.1,26.8,22.6,31.1
2014-WI,78.3,80.8,79.4,31.1,32.7,31.9,7.5,8.4,7.9,2.7,2.5,2.6,2.0,4.3,3.1,2.1,4.3,6.4,5.2,7.6,6.4,17.4,16.1,18.7,56.3,60.6,51.9,26.3,23.3,29.4
2014-WY,78.4,78.9,78.6,30.0,30.2,30.1,6.5,8.8,7.7,2.6,2.4,2.5,2.3,4.6,3.4,3.0,5.2,6.8,5.8,8.0,6.8,19.5,18.2,20.7,55.9,59.1,52.9,24.6,22.7,26.4
2015-AL,67.5,70.5,68.9,37.5,35.5,36.5,12.3,11.8,12.0,4.4,4.2,4.3,4.3,4.8,4.5,3.5,5.9,9.8,9.0,10.8,9.8,21.4,19.2,23.8,55.7,62.2,48.6,22.9,18.6,27.6
2015-AK,76.9,79.0,78.1,31.2,30.8,31.0,7.6,7.8,7.7,2.1,2.2,2.2,2.5,3.3,2.9,2.4,3.5,6.0,5.5,6.5,6.0,19.1,18.5,19.6,54.1,56.9,51.6,26.8,24.6,28.8
2015-AZ,75.2,76.0,75.5,28.2,30.6,29.5,9.1,9.0,9.1,2.4,2.7,2.5,2.4,4.3,3.3,2.5,5.1,6.9,5.4,8.5,6.9,14.0,12.0,16.2,60.9,67.1,54.5,25.0,20.9,29.3
2015-AR,63.1,70.1,66.6,34.6,36.1,35.4,12.4,10.2,11.3,4.2,2.4,3.3,4.6,5.1,4.8,3.8,5.7,9.3,9.3,9.3,9.3,24.9,22.1,27.8,51.1,57.5,44.3,24.1,20.4,27.9
2015-CA,79.9,80.4,80.1,24.5,25.3,24.9,8.5,10.7,9.6,2.1,2.3,2.2,2.6,3.5,3.0,2.1,3.6,6.0,5.5,6.7,6.0,11.7,8.3,15.2,65.3,72.9,57.6,23.0,18.9,27.2
2015-CO,82.3,82.5,82.4,20.5,20.6,20.5,5.3,7.3,6.3,2.2,2.2,2.2,1.6,3.3,2.4,2.0,4.1,5.7,4.6,6.9,5.7,15.6,14.2,17.1,57.7,62.8,52.6,26.6,23.0,30.3
2015-CT,75.6,78.9,77.2,24.6,27.2,25.9,6.9,9.4,8.1,2.1,2.2,2.2,1.9,4.2,2.9,1.8,4.7,6.0,4.6,7.7,6.0,13.5,10.9,16.3,59.1,64.2,53.5,27.4,24.9,30.2
2015-DE,70.1,72.8,71.4,31.7,29.1,30.4,9.4,10.8,10.0,3.0,3.0,3.0,2.9,4.2,3.5,3.4,4.7,7.7,7.0,8.4,7.7,17.4,14.2,20.9,55.6,61.6,48.9,27.0,24.2,30.2
2015-DC,79.4,81.6,80.5,27.6,19.5,23.6,9.2,9.4,9.3,3.4,4.1,3.7,2.2,3.8,2.9,2.1,4.0,7.1,5.9,8.6,7.1,16.0,16.1,15.8,62.5,64.9,59.8,21.5,18.9,24.4
2015-FL,74.4,74.8,74.5,26.4,28.0,27.2,8.9,10.0,9.4,2.7,2.4,2.6,3.1,4.4,3.7,3.0,5.4,7.6,6.7,8.7,7.6,15.8,14.3,17.4,56.2,60.9,51.2,28.0,24.8,31.4
2015-GA,71.0,75.4,73.1,33.1,30.0,31.5,10.3,11.2,10.7,3.6,3.8,3.7,3.4,4.6,3.9,2.9,5.9,8.6,7.5,9.9,8.6,17.7,15.5,20.0,60.1,66.1,53.6,22.2,18.3,26.4
2015-HI,74.8,80.8,77.9,20.1,26.1,23.2,7.3,8.2,7.7,2.3,2.4,2.3,1.8,3.2,2.5,1.8,3.4,5.4,4.6,6.4,5.4,14.1,10.8,17.3,60.6,67.1,54.2,25.3,22.0,28.5
2015-ID,79.9,78.4,79.1,28.1,30.5,29.3,8.0,6.6,7.3,2.6,1.8,2.2,1.9,3.6,2.7,2.3,4.4,6.3,5.5,7.2,6.3,13.8,13.0,14.6,62.5,66.6,58.4,23.6,20.3,26.9
2015-IL,75.5,76.1,75.7,31.9,30.3,31.1,7.9,10.5,9.1,2.4,3.2,2.8,2.5,4.9,3.6,1.9,5.5,7.3,5.3,9.6,7.3,15.1,12.8,17.6,60.5,65.4,55.3,24.4,21.8,27.2
2015-IN,69.8,72.5,71.1,30.5,32.4,31.5,9.7,11.6,10.6,2.8,3.6,3.2,2.9,6.6,4.6,2.9,6.7,8.8,6.3,11.6,8.8,20.6,19.3,21.9,53.9,60.8,46.6,25.5,19.9,31.5
2015-IA,75.3,73.3,74.3,30.3,35.6,33.0,6.8,8.7,7.7,2.1,1.9,2.0,2.2,4.2,3.1,2.5,5.0,6.4,5.1,7.8,6.4,18.1,16.7,19.5,56.3,61.6,50.8,25.6,21.7,29.7
2015-KS,73.6,74.3,73.9,34.1,36.0,35.0,8.6,9.2,8.9,2.7,2.7,2.7,2.5,4.3,3.3,2.5,4.7,7.0,5.8,8.3,7.0,17.7,16.1,19.3,58.1,63.4,52.7,24.1,20.4,28.0
2015-KY,68.7,68.7,68.6,33.5,36.4,34.9,11.1,13.5,12.2,3.8,3.9,3.8,3.6,7.3,5.3,3.5,8.5,10.6,8.3,13.2,10.6,25.9,25.5,26.4,48.9,54.0,43.5,25.1,20.4,30.1
2015-LA,66.4,71.4,68.8,37.3,36.6,36.9,11.5,11.9,11.6,3.9,3.5,3.7,3.9,5.7,4.8,3.4,6.6,9.7,8.7,11.0,9.7,21.9,19.3,24.7,55.7,61.6,49.2,22.5,19.1,26.1
2015-ME,77.8,75.3,76.6,31.3,29.4,30.3,8.0,8.2,8.1,2.2,2.8,2.5,2.9,5.5,4.1,2.6,6.1,7.5,5.8,9.5,7.5,19.5,18.1,21.0,48.9,53.1,44.5,31.6,28.9,34.5
2015-MD,74.8,78.3,76.5,30.2,28.7,29.4,8.6,10.3,9.4,2.4,2.6,2.5,2.9,4.0,3.3,2.1,4.8,6.9,5.9,8.3,6.9,15.1,13.4,16.9,61.5,66.6,56.0,23.4,19.9,27.1
2015-MA,73.0,75.6,74.2,23.4,25.7,24.5,7.2,8.8,7.9,2.2,2.3,2.2,2.7,4.3,3.4,2.3,4.9,6.6,5.4,8.1,6.6,14.0,11.9,16.4,59.1,62.3,55.6,26.9,25.8,28.0
2015-MI,73.4,76.9,75.1,31.7,32.1,31.9,8.7,10.4,9.5,3.3,2.5,2.9,3.0,4.7,3.8,2.8,5.3,7.7,6.9,8.8,7.7,20.7,19.1,22.4,53.0,55.7,50.1,26.3,25.2,27.4
2015-MN,79.5,78.0,78.8,24.3,28.4,26.4,6.3,7.4,6.8,1.8,2.0,1.9,2.1,3.7,2.9,2.1,4.2,5.8,4.7,6.9,5.8,16.2,14.8,17.6,57.1,61.2,53.0,26.7,24.0,29.4
2015-MS,61.7,66.3,63.9,38.3,34.3,36.3,13.1,14.2,13.6,4.0,4.1,4.0,4.4,4.7,4.5,4.0,6.5,10.1,8.9,11.5,10.1,22.5,18.4,27.0,56.1,64.6,46.9,21.3,17.0,26.0
2015-MO,74.0,73.6,73.8,32.1,33.4,32.7,9.7,11.1,10.3,3.9,4.1,4.0,3.5,4.8,4.1,3.4,5.8,9.2,8.0,10.6,9.2,22.3,21.0,23.6,51.9,56.7,46.8,25.9,22.3,29.6
2015-MT,78.6,78.0,78.3,23.9,23.9,23.9,6.5,7.1,6.8,2.4,2.1,2.3,2.0,3.1,2.5,2.4,3.8,6.2,5.4,7.1,6.2,18.9,18.5,19.3,53.9,56.7,51.2,27.2,24.8,29.6
2015-NE,75.5,75.0,75.3,30.2,33.6,32.0,7.6,8.3,7.9,2.1,2.4,2.3,2.5,4.6,3.5,2.1,4.9,6.6,5.1,8.2,6.6,17.1,15.8,18.4,58.5,63.8,53.1,24.4,20.3,28.5
2015-NV,71.8,79.5,75.6,26.7,28.3,27.5,8.1,9.8,8.9,2.5,1.9,2.1,3.8,3.3,3.5,3.1,4.3,6.8,6.8,6.9,6.8,17.5,14.6,20.5,56.9,61.7,52.0,25.6,23.7,27.5
2015-NH,78.1,78.5,78.3,24.3,28.3,26.3,6.3,7.4,6.8,2.1,2.0,2.0,2.2,4.2,3.1,2.1,4.2,6.0,4.8,7.4,6.0,15.9,15.4,16.5,53.8,55.4,52.1,30.3,29.2,31.4
2015-NJ,71.1,75.7,73.4,23.5,27.9,25.8,7.0,9.0,7.9,1.9,2.0,2.0,2.5,4.0,3.2,2.2,4.4,6.1,4.9,7.6,6.1,13.5,11.5,15.7,61.3,65.0,57.2,25.2,23.5,27.1
2015-NM,77.0,78.6,77.8,29.7,28.6,29.1,10.4,10.6,10.5,2.6,2.9,2.8,2.7,3.6,3.1,2.6,4.6,7.0,6.5,7.6,7.0,17.5,16.0,19.1,57.7,62.7,52.5,24.7,21.2,28.4
2015-NY,68.8,73.4,71.0,24.5,26.2,25.4,8.2,9.9,9.0,2.3,2.2,2.2,2.4,4.5,3.4,2.5,4.7,6.6,5.4,8.2,6.6,15.2,12.9,17.7,60.6,64.3,56.5,24.2,22.8,25.7
2015-NC,73.9,75.3,74.5,31.8,29.7,30.7,9.8,9.3,9.5,3.2,3.2,3.2,3.3,5.1,4.1,2.5,5.1,7.9,6.6,9.4,7.9,19.0,16.3,21.9,55.2,60.9,49.0,25.8,22.8,29.1
2015-ND,75.3,71.6,73.4,27.8,35.9,32.1,7.9,8.3,8.1,2.1,2.4,2.2,2.7,4.0,3.3,2.2,4.9,6.6,5.4,7.8,6.6,18.7,15.4,21.9,56.7,63.5,50.2,24.5,21.0,27.9
2015-OH,73.4,74.4,73.8,28.6,31.2,29.9,9.1,10.3,9.6,2.7,3.3,3.0,2.8,4.3,3.5,2.7,5.9,7.9,6.4,9.7,7.9,21.6,20.2,23.1,54.0,58.9,48.7,24.4,20.9,28.2
2015-OK,68.1,66.9,67.5,34.8,35.0,34.8,10.4,11.3,10.8,3.4,3.3,3.3,3.5,5.7,4.6,3.5,7.5,9.4,7.9,11.1,9.4,22.2,20.4,24.0,53.1,57.7,48.5,24.7,21.9,27.6
2015-OR,82.3,81.3,81.8,29.3,32.1,30.7,8.2,11.0,9.5,2.4,3.0,2.7,2.4,4.2,3.3,2.0,4.0,6.4,5.0,7.9,6.4,17.1,16.3,17.9,55.9,60.3,51.4,27.0,23.4,30.7
2015-PA,71.6,74.9,73.3,30.9,30.1,30.5,8.1,9.5,8.7,3.0,3.1,3.0,2.7,5.3,3.9,2.9,5.6,7.8,6.3,9.5,7.8,18.1,16.6,19.8,55.9,59.5,52.1,26.0,24.0,28.1
2015-RI,70.8,74.4,72.5,24.6,28.5,26.5,7.2,8.9,7.9,1.9,2.7,2.3,2.4,4.4,3.3,1.9,5.3,6.5,4.9,8.4,6.5,15.5,12.8,18.5,56.6,61.7,51.0,27.9,25.5,30.6
2015-SC,71.7,76.5,74.0,33.8,31.1,32.4,10.1,10.7,10.4,3.2,3.7,3.4,2.9,4.5,3.6,2.6,5.6,8.0,6.5,9.8,8.0,19.7,16.2,23.4,55.4,61.8,48.3,25.0,22.0,28.2
2015-SD,80.1,78.6,79.3,29.0,33.3,31.3,7.3,9.4,8.3,2.3,2.0,2.1,3.2,4.7,3.9,2.8,5.0,7.2,6.3,8.1,7.2,20.1,20.6,19.5,54.1,57.9,50.3,25.8,21.5,30.2
2015-TN,69.5,71.8,70.5,35.7,34.3,35.0,11.4,11.6,11.5,4.0,3.8,3.9,3.7,4.9,4.3,3.9,6.9,9.8,8.7,11.1,9.8,21.9,21.1,22.8,53.3,59.4,46.5,24.8,19.5,30.7
2015-TX,69.1,72.4,70.7,33.7,32.2,32.9,10.3,12.3,11.3,3.1,2.8,2.9,2.7,4.0,3.3,2.9,5.5,7.8,6.6,9.1,7.8,15.2,12.4,18.2,63.5,70.7,55.9,21.3,17.0,25.9
2015-UT,79.0,80.2,79.5,25.1,26.4,25.8,6.9,8.1,7.5,2.4,2.1,2.3,1.7,3.3,2.5,2.1,4.1,5.8,4.7,6.9,5.8,9.1,7.0,11.2,74.8,80.3,69.2,16.1,12.7,19.7
2015-VT,78.9,78.2,78.6,25.8,24.7,25.2,6.1,8.1,7.1,1.9,2.2,2.0,2.3,4.6,3.4,2.5,4.9,6.4,5.2,7.8,6.4,16.0,14.0,18.0,55.1,59.3,50.6,29.0,26.6,31.4
2015-VA,75.2,75.9,75.5,30.0,29.2,29.6,9.7,9.3,9.5,2.9,2.7,2.8,2.4,3.8,3.1,2.4,4.0,6.8,5.9,7.8,6.8,16.5,14.4,18.8,59.8,65.6,53.7,23.6,20.0,27.5
2015-WA,80.8,81.9,81.3,26.2,27.2,26.7,7.0,8.4,7.7,2.4,2.4,2.4,2.2,4.3,3.1,2.4,4.5,6.7,5.4,8.1,6.7,15.0,13.4,16.6,58.7,63.4,53.9,26.3,23.2,29.5
2015-WV,68.6,72.1,70.3,34.6,38.0,36.4,12.1,12.9,12.5,4.6,3.5,4.1,4.9,7.6,6.2,4.1,7.7,11.6,10.3,13.2,11.6,25.7,25.7,25.7,49.4,54.9,43.7,24.9,19.5,30.5
2015-WI,79.4,78.5,79.0,30.9,31.9,31.4,6.6,8.2,7.4,1.9,1.9,1.9,2.2,4.7,3.4,2.5,4.6,6.3,4.9,7.8,6.3,17.3,14.9,19.8,56.4,61.4,51.4,26.2,23.7,28.8
2015-WY,73.6,74.7,74.2,28.4,30.8,29.7,6.3,8.6,7.4,2.7,2.1,2.4,2.1,3.6,2.8,2.7,5.3,6.7,6.0,7.4,6.7,19.1,17.5,20.6,56.5,59.5,53.6,24.4,22.9,25.9
2016-AL,68.3,75.1,71.6,36.5,36.8,36.6,12.9,13.6,13.2,4.4,3.7,4.1,3.9,6.8,5.2,3.5,7.0,10.5,9.1,12.2,10.5,21.5,20.0,23.3,54.6,62.1,46.3,23.9,17.9,30.4
2016-AK,78.8,82.4,80.8,31.2,34.1,32.7,7.3,7.6,7.5,2.6,1.8,2.2,2.2,3.2,2.7,2.5,3.1,5.8,6.0,5.5,5.8,19.0,16.6,21.2,54.0,58.8,49.6,27.0,24.6,29.2
2016-AZ,75.8,79.6,77.7,28.9,31.4,30.2,8.2,11.4,9.8,2.8,3.2,3.0,2.8,4.8,3.7,2.6,5.3,7.8,6.2,9.6,7.8,14.7,12.1,17.5,59.8,66.2,53.2,25.5,21.7,29.4
2016-AR,65.6,71.4,68.4,41.4,32.8,37.0,12.6,11.7,12.0,4.3,4.3,4.3,5.4,6.9,6.1,5.2,6.8,11.1,10.5,12.0,11.1,23.6,22.5,24.8,51.9,57.2,46.4,24.5,20.4,28.9
2016-CA,78.1,81.5,79.8,25.5,25.5,25.5,9.0,10.2,9.5,2.3,2.3,2.3,2.4,3.7,3.0,1.9,3.7,6.1,5.2,7.0,6.1,11.0,8.2,13.8,66.0,73.0,58.7,23.1,18.8,27.4
2016-CO,84.0,84.9,84.4,22.5,23.1,22.8,5.8,6.5,6.2,2.4,2.1,2.2,2.0,3.6,2.8,2.0,4.1,5.9,4.9,6.9,5.9,15.6,13.5,17.7,59.5,64.4,54.5,24.9,22.1,27.8
2016-CT,78.2,80.9,79.5,25.2,27.4,26.3,7.8,9.1,8.4,2.4,2.2,2.3,2.0,3.9,2.9,2.2,4.4,6.3,5.1,7.7,6.3,13.3,12.0,14.8,59.4,63.0,55.6,27.2,25.0,29.6
2016-DE,70.2,78.3,74.1,31.5,31.1,31.3,8.6,9.9,9.2,3.1,2.3,2.7,2.6,3.9,3.2,3.3,5.4,7.5,6.8,8.3,7.5,17.7,16.4,19.0,55.5,59.3,51.4,26.8,24.3,29.6
2016-DC,80.3,87.7,83.7,28.4,19.1,23.9,9.6,6.9,8.3,3.1,3.2,3.1,2.3,2.8,2.5,2.4,3.0,6.3,6.0,6.7,6.3,14.7,12.1,17.7,66.1,70.2,61.5,19.2,17.7,20.9
2016-FL,69.3,73.6,71.4,27.0,28.8,27.9,9.0,10.6,9.8,2.8,3.1,2.9,3.1,4.6,3.8,2.7,5.9,8.0,6.4,9.8,8.0,15.5,13.3,17.8,58.0,64.3,51.3,26.5,22.4,30.9
2016-GA,70.6,71.6,71.0,33.9,29.9,31.8,11.4,11.5,11.4,3.8,3.2,3.5,3.4,5.3,4.2,3.8,5.3,8.7,8.1,9.5,8.7,17.9,14.8,21.2,61.2,66.3,55.7,20.9,18.9,23.0
2016-HI,78.5,80.8,79.7,22.6,27.9,25.4,8.9,10.5,9.6,2.8,2.5,2.6,2.2,4.0,3.0,2.2,4.0,6.3,5.4,7.3,6.3,13.1,10.9,15.1,61.6,68.4,54.9,25.4,20.7,29.9
2016-ID,79.7,81.2,80.4,27.3,28.7,28.0,8.2,8.0,8.1,2.3,2.2,2.2,3.0,3.9,3.4,3.0,4.2,6.7,6.1,7.4,6.7,14.5,14.3,14.7,62.0,64.2,59.7,23.5,21.5,25.6
2016-IL,74.8,78.9,76.8,31.5,33.4,32.4,9.5,9.3,9.4,2.6,3.1,2.8,2.4,4.5,3.4,2.6,4.3,6.9,5.8,8.3,6.9,15.8,13.0,18.7,60.1,66.1,53.7,24.1,20.8,27.6
2016-IN,72.6,75.4,73.9,33.1,33.0,33.1,10.1,10.9,10.5,3.2,4.1,3.6,3.1,5.5,4.2,3.6,6.1,8.8,7.2,10.7,8.8,21.1,18.8,23.6,54.4,60.7,47.7,24.5,20.5,28.7
2016-IA,77.6,78.8,78.2,31.4,35.0,33.2,8.2,8.1,8.2,2.3,3.0,2.6,2.3,4.3,3.2,2.3,5.1,7.0,5.4,8.8,7.0,16.7,15.8,17.7,58.0,63.2,52.7,25.3,21.0,29.6
2016-KS,75.1,79.1,77.1,31.7,32.6,32.1,7.7,9.2,8.4,2.4,2.8,2.6,2.5,4.3,3.3,2.4,5.5,7.3,5.7,9.0,7.3,17.2,15.7,18.7,58.7,63.6,53.8,24.1,20.7,27.5
2016-KY,70.0,72.8,71.3,36.2,33.9,35.0,10.7,12.9,11.8,3.5,4.3,3.9,5.2,6.7,5.9,4.5,8.3,11.7,10.0,13.7,11.7,24.5,24.0,25.0,50.7,54.6,46.6,24.8,21.4,28.4
2016-LA,68.5,74.5,71.4,37.4,34.6,36.0,11.7,10.4,11.0,3.7,3.4,3.5,4.3,6.2,5.2,3.2,6.2,9.5,8.5,10.7,9.5,22.8,20.2,25.5,54.3,60.9,47.2,23.0,19.0,27.2
2016-ME,79.2,82.5,80.8,29.5,30.7,30.2,7.7,9.5,8.6,2.3,2.6,2.4,2.5,5.5,3.9,2.2,6.3,8.0,5.8,10.5,8.0,19.8,18.0,21.6,48.2,52.7,43.5,32.0,29.3,34.9
2016-MD,74.5,80.6,77.4,32.0,28.7,30.4,9.0,10.7,9.8,2.4,2.7,2.6,2.5,4.3,3.3,2.5,4.7,6.9,5.6,8.4,6.9,13.7,11.9,15.6,62.8,66.9,58.4,23.5,21.1,26.0
2016-MA,79.8,81.9,80.8,20.9,26.5,23.8,7.5,8.9,8.2,2.7,2.1,2.4,2.4,4.4,3.3,2.7,4.7,7.0,6.0,8.1,7.0,13.6,11.9,15.5,59.6,62.6,56.3,26.8,25.5,28.1
2016-MI,75.4,78.4,76.9,33.4,32.8,33.1,8.9,11.0,9.9,3.3,2.8,3.0,3.2,5.6,4.3,3.0,5.7,8.3,7.1,9.7,8.3,20.4,18.7,22.3,53.8,57.7,49.6,25.8,23.6,28.1
2016-MN,82.5,82.9,82.7,26.4,29.8,28.1,6.7,8.4,7.5,2.0,2.3,2.2,2.2,4.0,3.0,1.9,4.4,6.2,4.9,7.6,6.2,15.2,13.9,16.6,58.7,63.2,54.2,26.1,22.9,29.3
2016-MS,66.9,74.2,70.4,40.6,36.3,38.5,12.6,12.4,12.5,4.6,4.5,4.5,5.0,5.6,5.2,3.9,6.3,10.8,10.1,11.7,10.8,22.7,21.3,24.3,53.7,60.6,46.1,23.6,18.1,29.6
2016-MO,75.0,76.5,75.7,32.1,32.6,32.3,9.7,11.0,10.3,4.3,3.8,4.1,3.7,4.5,4.0,3.2,5.7,9.4,8.7,10.3,9.4,22.1,19.9,24.5,51.6,56.9,45.9,26.3,23.2,29.6
2016-MT,80.5,81.3,80.9,26.5,25.6,26.0,6.7,7.1,6.9,2.9,2.6,2.7,1.7,4.2,2.9,2.3,5.0,7.0,5.6,8.4,7.0,18.5,17.3,19.8,54.1,59.4,48.9,27.3,23.3,31.3
2016-NE,77.1,79.6,78.3,32.0,33.7,32.8,7.9,8.1,8.0,2.6,2.3,2.5,2.6,4.0,3.2,2.5,4.5,6.8,6.0,7.7,6.8,17.0,15.4,18.6,58.4,63.1,53.7,24.6,21.5,27.7
2016-NV,72.4,78.9,75.7,26.0,26.4,26.2,10.3,9.8,10.0,2.8,3.0,2.9,2.8,5.0,3.9,2.9,5.7,7.8,6.3,9.4,7.8,16.5,14.1,18.9,59.1,64.9,53.2,24.4,21.0,27.9
2016-NH,80.9,83.0,82.0,27.2,26.6,26.9,6.4,9.0,7.6,2.3,2.2,2.2,2.1,4.8,3.4,2.0,5.2,6.6,4.8,8.6,6.6,18.0,17.6,18.5,53.6,55.6,51.6,28.4,26.8,29.9
2016-NJ,68.7,73.5,71.0,25.0,29.4,27.3,7.2,9.0,8.1,2.2,3.0,2.6,2.1,4.9,3.4,2.4,5.2,7.1,5.3,9.1,7.1,14.0,13.1,14.9,62.3,66.4,58.0,23.7,20.6,27.1
2016-NM,77.3,83.5,80.4,28.6,29.9,29.2,9.7,11.4,10.5,3.3,2.7,3.0,2.4,4.7,3.5,3.4,5.6,7.6,6.7,8.7,7.6,16.6,14.0,19.4,57.7,65.1,50.1,25.6,20.9,30.5
2016-NY,72.1,76.2,74.0,25.4,26.6,26.0,8.8,10.4,9.5,2.2,2.6,2.4,3.3,4.1,3.6,2.4,4.3,6.8,5.8,8.1,6.8,14.2,11.9,16.7,62.5,67.6,57.1,23.3,20.5,26.3
2016-NC,76.0,79.1,77.5,33.9,30.8,32.3,10.4,10.0,10.2,3.5,3.3,3.4,3.4,5.1,4.2,2.5,5.6,8.5,7.4,9.9,8.5,17.9,15.3,20.7,56.8,62.4,50.8,25.3,22.3,28.6
2016-ND,78.0,78.7,78.4,32.2,33.7,32.9,7.1,9.3,8.2,2.3,2.9,2.6,2.7,4.7,3.7,2.9,5.0,7.5,5.9,9.2,7.5,19.8,17.1,22.3,55.5,61.6,49.6,24.8,21.3,28.0
2016-OH,73.0,77.7,75.3,32.6,31.8,32.2,9.1,10.4,9.7,3.0,3.3,3.1,3.3,5.2,4.1,2.9,6.0,8.2,6.7,10.0,8.2,22.5,20.5,24.7,53.9,59.1,48.3,23.6,20.4,27.0
2016-OK,70.1,74.7,72.4,32.7,33.8,33.2,10.3,11.6,10.9,3.8,4.2,4.0,3.3,5.4,4.3,3.1,6.6,9.7,7.8,11.8,9.7,19.6,17.9,21.4,55.6,60.5,50.4,24.8,21.6,28.2
2016-OR,83.2,83.5,83.4,30.1,29.6,29.8,8.0,8.6,8.3,2.5,2.9,2.7,3.0,4.6,3.8,2.4,5.1,7.3,5.9,8.8,7.3,16.2,14.4,18.1,56.8,61.2,52.2,27.0,24.4,29.7
2016-PA,77.4,79.7,78.4,30.0,32.0,30.9,9.0,10.6,9.7,3.1,2.9,3.0,2.8,5.2,3.9,2.8,5.8,8.3,7.0,9.8,8.3,18.0,16.0,20.1,55.6,60.1,50.7,26.5,23.9,29.3
2016-RI,73.1,80.3,76.5,25.8,28.9,27.3,8.0,9.4,8.6,1.8,2.3,2.0,2.1,4.8,3.4,2.4,5.4,6.5,4.8,8.4,6.5,14.4,12.2,16.9,57.5,62.3,52.4,28.0,25.6,30.7
2016-SC,71.9,76.3,74.0,34.0,32.1,33.0,11.4,11.8,11.5,3.3,3.5,3.4,3.2,4.6,3.8,3.2,5.7,8.4,7.3,9.8,8.4,20.0,17.4,22.9,54.2,61.8,45.8,25.8,20.8,31.3
2016-SD,82.2,81.7,82.0,28.2,33.5,30.9,6.3,7.7,7.0,2.0,1.7,1.9,2.7,5.9,4.2,2.2,5.9,7.6,5.5,9.8,7.6,18.1,15.1,21.1,55.6,62.0,49.2,26.3,22.9,29.7
2016-TN,68.5,77.0,72.7,34.7,36.4,35.5,10.4,12.2,11.2,4.6,4.1,4.3,3.8,5.5,4.6,3.5,6.2,9.9,8.9,11.2,9.9,22.1,20.4,23.9,54.1,59.8,48.0,23.8,19.8,28.1
2016-TX,72.0,77.9,74.8,35.0,33.5,34.3,10.8,11.5,11.1,2.3,2.8,2.5,3.3,4.0,3.6,2.3,4.8,7.4,6.1,8.8,7.4,14.3,11.3,17.3,62.8,70.7,54.6,23.0,18.0,28.0
2016-UT,83.3,84.9,84.1,26.7,27.1,26.9,6.8,8.4,7.6,2.3,2.2,2.2,1.5,3.6,2.5,1.5,4.2,5.6,4.4,6.9,5.6,8.8,7.1,10.4,75.3,81.1,69.5,15.9,11.8,20.1
2016-VT,83.1,80.8,81.9,27.1,28.2,27.6,6.7,7.7,7.1,1.7,2.5,2.1,2.0,3.7,2.8,2.4,4.6,6.3,4.8,7.9,6.3,17.0,14.7,19.5,54.3,59.2,49.1,28.7,26.1,31.4
2016-VA,75.6,78.8,77.1,29.6,28.9,29.2,9.1,10.2,9.6,2.7,2.5,2.6,2.8,3.8,3.3,3.2,5.1,7.4,6.7,8.2,7.4,15.3,13.7,17.0,60.8,65.1,56.3,23.9,21.2,26.7
2016-WA,81.2,84.3,82.7,28.4,30.1,29.3,8.2,9.0,8.6,2.4,2.6,2.5,2.4,4.1,3.2,2.4,4.3,6.7,5.6,8.1,6.7,13.9,11.9,16.0,59.3,64.6,54.0,26.7,23.4,30.0
2016-WV,69.7,75.8,72.7,38.5,38.4,38.5,12.4,13.2,12.7,3.3,3.9,3.6,5.1,7.7,6.3,4.6,7.7,11.8,9.7,14.1,11.8,24.8,23.9,25.8,48.9,54.0,43.6,26.3,22.1,30.7
2016-WI,79.4,82.2,80.8,30.5,31.9,31.2,7.0,10.4,8.6,2.5,2.0,2.2,2.3,5.5,3.8,2.5,4.5,7.2,5.5,8.9,7.2,17.1,16.2,18.0,55.4,58.8,52.0,27.5,25.1,30.0
2016-WY,76.3,78.5,77.4,28.9,28.6,28.7,7.4,7.5,7.5,3.1,2.4,2.8,2.8,3.9,3.3,2.8,4.6,7.0,6.6,7.5,7.0,18.9,19.1,18.8,54.9,58.2,51.8,26.1,22.7,29.5
2017-AL,65.7,72.7,69.0,38.6,36.6,37.6,12.5,12.7,12.6,4.2,4.4,4.3,3.8,5.7,4.7,3.6,6.8,10.4,8.9,12.0,10.4,20.9,18.7,23.4,55.7,63.2,47.3,23.4,18.1,29.3
2017-AK,79.8,78.4,79.1,36.4,33.8,34.9,7.3,7.7,7.5,2.5,2.2,2.3,1.8,4.0,2.9,2.3,3.5,6.5,5.1,7.8,6.5,21.0,17.1,24.2,53.4,61.2,46.7,25.6,21.6,29.1
2017-AZ,74.7,76.8,75.7,29.6,31.2,30.4,8.6,10.5,9.5,2.5,2.5,2.5,2.5,3.9,3.2,2.6,4.6,6.8,5.8,8.0,6.8,15.6,12.9,18.3,59.8,65.5,53.8,24.7,21.6,27.9
2017-AR,65.0,71.2,68.0,39.6,33.7,36.4,10.9,11.1,11.0,4.3,4.7,4.5,4.0,6.4,5.1,3.2,8.3,11.1,8.8,13.7,11.1,22.3,21.6,22.8,52.2,57.5,46.7,25.5,20.8,30.5
2017-CA,79.1,81.1,80.1,26.3,25.2,25.7,9.1,10.9,9.9,1.8,2.4,2.1,1.7,3.7,2.6,2.2,3.7,5.8,4.5,7.5,5.8,11.3,7.8,14.9,66.4,73.6,59.0,22.3,18.6,26.0
2017-CO,79.6,81.8,80.7,24.2,22.0,23.0,6.7,7.1,6.9,2.1,1.9,2.0,1.5,3.4,2.4,1.6,3.6,5.4,4.2,6.8,5.4,14.6,12.6,16.6,59.8,64.8,54.9,25.6,22.7,28.5
2017-CT,75.2,77.9,76.4,24.7,29.7,27.3,7.7,9.5,8.5,2.0,2.2,2.1,2.2,4.3,3.1,2.0,4.0,6.2,5.1,7.5,6.2,12.7,11.5,14.1,61.3,64.0,58.3,26.0,24.5,27.6
2017-DE,66.8,73.0,69.8,31.0,32.9,31.9,8.8,10.7,9.7,2.9,3.1,3.0,3.0,3.9,3.4,2.6,4.3,7.3,6.8,8.0,7.3,17.0,16.2,17.9,57.9,62.8,52.6,25.1,21.0,29.5
2017-DC,74.2,77.6,75.7,27.6,19.4,23.6,8.7,7.4,8.1,3.2,3.4,3.3,1.8,2.4,2.1,2.2,3.7,6.5,5.8,7.3,6.5,14.3,11.3,17.8,67.2,72.3,61.4,18.4,16.4,20.8
2017-FL,69.5,74.0,71.8,28.1,30.3,29.2,8.4,9.0,8.7,2.9,3.2,3.1,3.0,4.7,3.8,2.9,5.3,8.0,6.8,9.4,8.0,16.1,13.5,18.8,59.0,64.3,53.3,24.9,22.1,27.9
2017-GA,67.9,71.4,69.6,34.5,30.4,32.4,10.7,10.4,10.5,3.3,3.2,3.3,2.8,4.6,3.7,2.6,4.8,7.5,6.7,8.6,7.5,17.5,14.3,20.9,62.2,68.6,55.3,20.3,17.1,23.8
2017-HI,71.8,81.5,76.8,23.1,26.0,24.6,10.0,9.6,9.8,2.4,2.7,2.5,1.3,3.0,2.1,1.5,3.7,5.5,4.4,6.8,5.5,12.8,9.4,16.1,60.5,68.3,52.8,26.7,22.3,31.1
2017-ID,78.3,74.0,76.2,29.1,31.2,30.1,8.3,7.5,7.9,2.4,2.3,2.3,1.9,4.0,2.9,2.9,4.1,6.6,5.7,7.5,6.6,14.3,13.1,15.7,61.8,66.8,56.7,23.9,20.1,27.7
2017-IL,75.0,78.1,76.6,31.0,32.7,31.9,9.5,10.9,10.1,2.1,2.9,2.4,2.3,4.8,3.5,2.4,4.4,6.7,5.0,8.7,6.7,15.5,13.8,17.3,61.5,66.7,56.0,23.0,19.6,26.7
2017-IN,69.2,72.5,70.8,34.4,33.7,34.0,10.1,11.4,10.7,3.0,3.4,3.2,3.3,5.2,4.2,3.0,6.0,8.3,6.8,10.1,8.3,21.8,20.2,23.5,53.7,58.4,48.7,24.5,21.4,27.8
2017-IA,76.5,75.0,75.7,37.1,37.9,37.5,8.1,8.4,8.2,2.4,3.0,2.6,2.8,4.1,3.4,2.4,4.5,6.9,5.6,8.4,6.9,17.1,15.8,18.5,58.3,63.3,53.1,24.6,21.0,28.4
2017-KS,72.2,73.2,72.7,33.4,33.1,33.2,9.2,10.0,9.5,2.6,2.7,2.6,2.8,4.2,3.4,2.6,4.8,7.2,6.1,8.4,7.2,17.4,16.4,18.3,58.3,62.8,53.7,24.3,20.8,28.0
2017-KY,63.5,69.6,66.6,33.0,37.2,35.1,11.1,11.6,11.3,4.8,3.6,4.2,4.2,6.8,5.4,3.3,8.2,11.1,9.4,13.1,11.1,24.6,22.4,26.9,49.8,55.1,44.3,25.6,22.6,28.8
2017-LA,67.1,69.7,68.3,37.5,36.8,37.1,13.4,12.2,12.7,5.2,3.2,4.2,3.7,5.8,4.7,3.6,5.8,9.8,9.2,10.5,9.8,23.1,21.0,25.4,54.0,58.9,48.5,22.9,20.1,26.1
2017-ME,77.9,74.0,76.0,27.4,31.5,29.5,7.2,10.6,8.8,2.1,3.0,2.6,2.2,4.9,3.5,2.2,7.0,7.5,5.2,10.1,7.5,17.3,14.3,20.5,51.0,56.5,45.1,31.7,29.1,34.5
2017-MD,72.6,77.1,74.8,32.6,30.8,31.8,8.7,10.2,9.4,2.7,2.6,2.7,2.0,3.8,2.8,2.2,4.4,6.6,5.3,8.1,6.6,13.8,11.9,16.0,64.2,68.8,59.1,22.0,19.3,24.9
2017-MA,74.9,77.2,76.0,24.8,28.0,26.5,8.2,8.8,8.4,2.5,2.8,2.6,2.7,3.7,3.1,2.1,5.0,6.7,5.8,7.9,6.7,13.7,12.6,14.8,61.3,64.7,57.5,25.1,22.7,27.7
2017-MI,71.6,75.0,73.3,33.9,32.0,32.9,9.4,9.8,9.5,3.2,3.3,3.2,3.4,5.4,4.3,3.1,6.2,8.7,7.3,10.4,8.7,19.3,16.9,21.8,54.0,58.5,49.3,26.7,24.6,28.9
2017-MN,76.4,75.5,75.9,27.0,30.7,28.9,5.7,8.2,6.9,1.7,2.4,2.0,2.0,3.8,2.8,1.9,4.2,5.7,4.3,7.3,5.7,14.5,12.8,16.3,59.1,64.1,54.0,26.3,23.0,29.8
2017-MS,64.3,71.1,67.5,40.1,36.4,38.3,12.8,13.1,12.9,3.9,4.7,4.3,4.5,5.5,4.9,3.6,6.0,10.1,8.7,11.6,10.1,22.2,22.1,22.2,56.3,61.7,50.3,21.6,16.2,27.5
2017-MO,71.0,71.9,71.4,34.5,32.4,33.4,9.0,9.6,9.3,3.8,3.7,3.8,3.4,4.9,4.1,3.5,5.3,8.9,7.8,10.3,8.9,20.8,20.0,21.6,53.4,58.1,48.5,25.8,21.9,30.0
2017-MT,78.1,74.0,76.0,23.6,27.7,25.7,6.5,7.0,6.7,2.2,2.0,2.1,2.2,2.7,2.4,1.9,4.6,6.3,5.2,7.4,6.3,17.2,16.8,17.5,55.6,58.3,52.8,27.3,24.9,29.7
2017-NE,75.7,74.4,75.0,33.6,33.6,33.5,9.1,9.9,9.5,2.8,2.4,2.6,2.7,4.1,3.3,2.4,5.1,7.0,6.1,8.1,7.0,15.4,14.5,16.4,60.0,64.9,54.9,24.6,20.6,28.7
2017-NV,73.9,70.5,72.2,28.2,27.1,27.6,9.6,9.4,9.5,2.4,3.0,2.7,2.5,5.2,3.8,3.4,5.4,7.7,6.1,9.3,7.7,17.6,15.8,19.4,58.5,64.9,52.0,24.0,19.3,28.6
2017-NH,75.4,78.2,76.8,26.7,30.9,28.8,5.9,8.3,7.1,2.0,2.5,2.2,1.6,3.8,2.6,1.9,4.3,5.7,4.1,7.5,5.7,15.7,14.5,16.8,54.0,56.5,51.3,30.3,28.9,31.8
2017-NJ,69.8,74.0,71.8,25.6,29.7,27.7,8.7,11.0,9.8,1.9,2.4,2.2,2.7,3.7,3.1,2.5,4.2,6.4,5.6,7.5,6.4,13.7,11.5,16.1,61.0,66.0,55.5,25.3,22.5,28.4
2017-NM,74.4,78.1,76.2,30.3,29.2,29.8,8.5,11.2,9.8,2.5,2.3,2.4,2.1,3.1,2.6,2.6,4.3,6.3,5.8,7.0,6.3,17.5,14.5,20.6,58.6,65.2,51.8,23.9,20.3,27.6
2017-NY,70.6,75.8,73.2,25.5,26.4,26.0,8.8,10.1,9.4,2.3,2.0,2.1,2.6,4.2,3.3,2.4,4.4,6.5,5.5,7.6,6.5,14.1,10.9,17.5,62.8,67.1,58.1,23.1,22.0,24.3
2017-NC,75.0,75.4,75.2,34.4,31.2,32.8,10.1,10.5,10.2,3.2,3.4,3.3,2.7,4.7,3.6,2.8,4.7,8.1,6.9,9.6,8.1,17.2,15.4,19.2,56.9,62.1,51.2,25.9,22.5,29.6
2017-ND,72.9,72.6,72.8,32.2,36.6,34.5,7.8,9.3,8.5,1.9,2.9,2.4,2.9,4.1,3.4,2.9,5.0,7.0,5.6,8.5,7.0,18.3,17.1,19.4,56.8,61.3,52.3,24.9,21.6,28.2
2017-OH,70.5,72.3,71.3,35.2,33.9,34.5,9.8,9.9,9.8,3.2,3.3,3.2,3.0,4.8,3.8,3.2,6.2,8.3,6.9,9.9,8.3,21.1,19.9,22.4,54.4,58.8,49.8,24.4,21.3,27.7
2017-OK,66.2,70.5,68.3,37.4,38.1,37.6,11.3,12.5,11.8,3.9,4.5,4.2,3.8,5.5,4.6,3.6,6.5,9.7,8.4,11.3,9.7,20.1,19.2,21.2,55.3,59.4,50.9,24.5,21.4,27.9
2017-OR,78.4,80.2,79.3,30.5,29.2,29.8,7.9,9.0,8.4,2.6,2.4,2.5,2.2,3.7,2.9,2.4,3.9,6.3,5.4,7.3,6.3,16.1,14.2,18.1,58.2,61.8,54.4,25.7,24.0,27.5
2017-PA,75.7,76.8,76.2,30.4,33.3,31.9,8.1,9.8,8.9,3.1,3.6,3.3,3.3,5.1,4.1,3.0,4.8,8.5,7.2,10.0,8.5,18.7,16.9,20.8,54.3,60.7,47.6,26.9,22.5,31.6
2017-RI,71.8,77.2,74.4,29.6,31.1,30.3,7.4,8.4,7.8,2.8,2.6,2.7,2.3,4.0,3.1,2.4,4.8,6.7,5.7,7.9,6.7,14.9,12.9,17.2,56.6,59.8,52.9,28.5,27.2,29.9
2017-SC,70.2,74.2,72.2,36.2,33.4,34.8,11.9,12.1,12.0,3.2,3.6,3.4,3.2,5.2,4.2,2.9,5.3,8.4,7.3,9.8,8.4,18.8,16.0,21.8,54.7,62.1,46.8,26.5,21.9,31.5
2017-SD,79.4,72.5,75.9,30.7,34.7,32.8,8.8,10.9,9.8,1.8,2.8,2.3,2.7,5.1,3.9,2.8,5.8,7.7,6.1,9.5,7.7,19.3,16.5,22.1,55.1,60.8,49.2,25.7,22.7,28.7
2017-TN,68.5,71.8,70.0,33.3,34.2,33.7,11.6,11.9,11.7,4.0,4.0,4.0,3.8,4.7,4.2,3.7,6.8,10.1,8.9,11.5,10.1,22.6,21.1,24.3,53.6,59.4,47.4,23.8,19.6,28.3
2017-TX,66.7,69.7,68.0,32.5,35.0,33.8,10.3,13.1,11.6,3.3,3.3,3.3,2.6,3.6,3.1,2.9,4.6,7.4,6.7,8.2,7.4,15.7,13.6,17.8,64.4,71.2,57.4,19.9,15.2,24.8
2017-UT,78.8,78.5,78.6,25.2,27.3,26.3,6.8,8.0,7.4,2.6,1.8,2.2,2.0,3.5,2.7,1.6,4.3,6.1,5.1,7.2,6.1,8.9,6.8,11.0,76.1,82.4,69.7,15.0,10.8,19.3
2017-VT,79.4,79.0,79.2,27.5,28.7,28.1,5.4,8.4,6.8,1.7,2.4,2.0,2.2,4.2,3.1,2.5,5.7,6.5,4.8,8.4,6.5,15.8,14.7,17.0,54.7,57.9,51.3,29.5,27.4,31.7
2017-VA,73.6,75.6,74.6,32.1,28.9,30.4,9.1,10.0,9.5,2.9,2.4,2.7,2.5,4.3,3.4,3.0,5.1,7.5,6.6,8.6,7.5,16.4,14.4,18.4,59.9,65.3,54.2,23.7,20.3,27.4
2017-WA,80.2,81.9,81.0,27.5,28.8,28.2,8.1,8.9,8.5,2.8,2.4,2.6,2.3,3.9,3.1,2.6,4.1,6.6,6.0,7.4,6.6,13.5,12.2,14.8,59.3,63.0,55.6,27.2,24.8,29.6
2017-WV,69.7,70.2,69.8,36.8,40.6,38.8,12.6,13.4,13.0,3.9,4.2,4.0,5.1,6.9,5.9,4.8,7.3,11.7,10.5,13.0,11.7,26.0,26.9,25.1,47.8,51.3,44.1,26.2,21.8,30.8
2017-WI,77.8,78.5,78.2,31.3,32.8,32.1,6.7,9.7,8.2,1.6,2.1,1.9,2.3,3.7,3.0,2.3,3.5,5.6,4.5,6.8,5.6,16.0,15.0,17.1,58.4,62.0,54.6,25.6,23.0,28.3
2017-WY,77.9,72.5,75.1,29.0,30.5,29.7,7.5,9.0,8.3,2.9,2.8,2.8,2.4,4.0,3.2,2.7,5.3,7.1,6.0,8.3,7.1,18.7,18.4,19.0,55.3,59.2,51.6,26.0,22.5,29.3
2019-AL,66.7,72.2,69.3,37.0,37.2,37.1,11.9,12.7,12.3,4.6,4.8,4.7,3.3,6.1,4.6,3.0,7.1,10.4,8.5,12.7,10.4,20.2,18.3,22.4,55.5,61.9,48.3,24.3,19.7,29.4
2019-AK,79.2,77.8,78.4,31.7,31.2,31.4,7.7,6.7,7.2,2.0,2.2,2.1,1.0,2.9,1.9,1.4,3.9,5.2,3.6,6.8,5.2,17.4,15.7,19.0,56.8,62.0,52.0,25.9,22.4,29.0
2019-AZ,74.8,78.0,76.4,33.8,31.9,32.8,9.2,10.3,9.7,2.9,3.3,3.1,2.5,4.1,3.2,2.7,5.0,7.1,6.2,8.1,7.1,14.9,12.5,17.4,58.7,64.7,52.5,26.4,22.8,30.1
2019-AR,66.7,72.7,69.7,40.1,36.5,38.1,12.1,12.4,12.2,4.1,4.2,4.1,4.6,5.7,5.1,3.9,6.4,10.1,9.3,11.1,10.1,20.2,18.8,21.7,54.3,59.9,48.3,25.5,21.3,30.0
2019-CA,75.8,79.6,77.7,28.7,25.2,26.9,8.8,10.1,9.4,1.7,3.1,2.4,1.7,3.3,2.4,1.9,3.9,5.9,4.4,7.6,5.9,10.0,7.4,12.7,67.0,73.9,59.9,23.0,18.7,27.4
2019-CO,81.7,81.2,81.4,23.3,25.2,24.3,6.2,6.8,6.5,2.2,1.9,2.0,1.6,2.7,2.1,1.9,3.1,5.1,4.6,5.8,5.1,13.5,11.9,15.1,61.0,65.8,56.1,25.5,22.3,28.8
2019-CT,75.3,78.6,76.9,29.1,30.6,29.8,7.5,9.3,8.3,2.4,2.3,2.3,2.1,2.8,2.4,2.0,3.1,5.4,5.2,5.8,5.4,12.1,10.6,13.7,62.7,65.4,59.9,25.2,24.1,26.4
2019-DE,72.8,76.2,74.4,35.7,34.2,34.9,9.9,12.2,11.0,3.0,3.4,3.2,2.4,4.6,3.4,2.4,4.6,7.4,5.9,9.1,7.4,15.9,16.0,15.8,57.8,60.9,54.3,26.3,23.1,29.8
2019-DC,79.7,82.5,80.9,27.9,21.4,24.7,8.9,9.5,9.1,3.1,3.8,3.4,2.4,3.7,3.0,2.3,3.6,6.8,5.8,8.0,6.8,12.7,9.8,16.1,66.6,70.9,61.7,20.6,19.3,22.1
2019-FL,73.7,74.6,74.1,27.5,26.5,26.9,8.5,10.5,9.5,2.9,3.0,2.9,2.8,4.7,3.7,2.8,4.8,7.6,6.7,8.7,7.6,14.8,13.9,15.7,58.9,62.7,54.8,26.3,23.3,29.5
2019-GA,71.0,74.2,72.6,33.9,34.0,33.9,11.8,10.4,11.1,3.2,3.6,3.4,2.6,4.5,3.5,2.6,5.2,7.9,6.5,9.5,7.9,16.3,13.9,19.0,61.8,68.2,54.7,21.9,17.9,26.3
2019-HI,73.7,78.9,76.3,23.6,28.8,26.3,8.4,10.3,9.3,2.5,2.5,2.5,1.5,2.9,2.2,1.9,3.9,5.6,4.5,6.8,5.6,12.3,9.4,15.2,62.3,68.7,55.9,25.4,21.9,28.9
2019-ID,77.1,76.9,77.0,31.0,29.5,30.1,8.7,9.6,9.1,2.4,3.3,2.8,2.6,3.7,3.1,2.5,5.1,7.3,5.9,8.8,7.3,15.3,13.9,16.8,61.1,66.9,55.2,23.5,19.2,28.0
2019-IL,73.7,76.0,74.9,32.5,31.7,32.1,9.4,10.8,10.0,2.4,2.9,2.6,2.2,4.2,3.1,2.1,4.3,6.8,5.3,8.6,6.8,14.5,12.1,17.0,60.3,65.8,54.5,25.2,22.1,28.5
2019-IN,68.9,70.4,69.6,36.9,36.0,36.4,9.9,12.4,11.1,3.3,3.4,3.4,3.1,4.8,3.9,3.3,5.1,8.5,7.4,9.7,8.5,19.2,17.3,21.2,55.9,61.1,50.4,24.9,21.6,28.4
2019-IA,75.1,73.0,74.1,34.2,36.2,35.2,8.1,10.0,9.0,2.5,2.7,2.6,2.2,3.9,3.0,2.1,4.8,6.9,5.6,8.5,6.9,16.4,14.8,17.9,59.4,64.7,54.1,24.2,20.5,28.0
2019-KS,72.5,74.1,73.3,37.5,35.3,36.3,9.1,10.3,9.6,2.6,2.6,2.6,2.4,4.0,3.2,2.5,5.0,7.1,5.8,8.5,7.1,16.2,16.0,16.4,59.2,63.4,54.9,24.6,20.5,28.7
2019-KY,67.2,69.4,68.3,39.2,35.6,37.3,11.5,12.5,11.9,4.5,4.2,4.3,5.0,5.1,5.0,4.2,7.0,10.3,9.6,11.3,10.3,23.6,25.1,22.1,51.4,54.4,48.2,25.0,20.5,29.7
2019-LA,65.8,71.3,68.4,39.4,34.6,36.9,10.9,11.9,11.4,4.4,3.9,4.1,4.0,4.6,4.3,3.2,5.0,9.2,8.8,9.7,9.2,21.9,19.8,24.1,55.2,61.6,48.4,22.9,18.6,27.5
2019-ME,71.7,70.3,71.0,31.3,33.7,32.5,8.2,9.4,8.8,3.5,2.5,3.0,3.0,4.7,3.8,3.0,5.8,8.1,7.2,9.2,8.1,17.6,15.4,19.9,52.0,56.0,47.8,30.4,28.6,32.3
2019-MD,75.9,78.6,77.2,34.9,30.7,32.8,9.2,10.4,9.7,2.5,2.9,2.7,1.8,3.4,2.5,2.0,4.2,6.2,4.8,7.7,6.2,12.7,11.3,14.2,65.2,69.1,61.0,22.1,19.6,24.8
2019-MA,73.8,74.5,74.1,23.6,26.5,25.1,6.4,8.4,7.3,1.9,2.3,2.1,2.4,4.0,3.1,2.7,4.7,6.4,5.2,7.9,6.4,12.0,9.8,14.5,62.6,65.8,59.2,25.3,24.4,26.3
2019-MI,75.5,75.4,75.4,38.1,35.5,36.7,9.0,10.1,9.5,3.3,2.8,3.0,3.0,4.4,3.6,2.5,5.0,7.7,6.8,8.9,7.7,18.7,17.2,20.2,54.8,59.2,50.1,26.5,23.5,29.7
2019-MN,81.4,79.5,80.4,29.5,31.6,30.6,7.1,8.3,7.7,1.9,2.6,2.2,1.9,3.7,2.7,2.0,4.2,6.0,4.6,7.5,6.0,14.6,13.0,16.3,59.8,63.7,55.8,25.6,23.3,27.9
2019-MS,61.3,65.3,63.3,46.4,37.2,41.7,13.4,13.1,13.2,5.3,3.4,4.4,3.5,5.0,4.2,3.9,5.9,9.7,8.8,10.8,9.7,20.4,16.9,24.2,57.7,65.3,49.4,21.9,17.8,26.4
2019-MO,69.3,71.1,70.2,35.0,35.8,35.4,8.6,9.5,9.0,3.4,3.5,3.4,3.0,4.3,3.6,3.4,5.6,8.4,7.2,9.7,8.4,19.6,18.7,20.6,53.8,58.2,49.2,26.6,23.1,30.2
2019-MT,81.3,81.5,81.4,30.1,27.2,28.6,6.3,6.6,6.4,2.5,2.7,2.6,2.2,4.1,3.1,2.8,5.1,7.1,5.8,8.6,7.1,16.6,16.5,16.7,56.7,59.4,54.0,26.7,24.1,29.2
2019-NE,73.4,73.9,73.6,35.2,34.5,34.8,8.3,10.0,9.1,2.6,2.4,2.5,2.4,3.8,3.1,2.4,4.4,6.6,5.7,7.5,6.6,14.7,13.6,15.7,60.6,64.8,56.3,24.7,21.5,28.0
2019-NV,72.7,75.7,74.3,30.5,32.4,31.4,9.7,10.4,10.0,2.1,4.1,3.0,3.6,5.1,4.3,3.7,5.1,8.5,7.3,9.9,8.5,15.7,13.9,17.5,59.8,66.3,53.3,24.5,19.8,29.3
2019-NH,76.6,81.4,79.0,31.3,33.2,32.3,7.1,8.8,7.9,2.1,2.2,2.2,1.8,3.8,2.8,2.2,3.9,5.8,4.6,7.2,5.8,15.9,14.7,17.1,53.8,56.2,51.4,30.3,29.0,31.6
2019-NM,73.7,76.5,75.0,34.1,32.1,33.0,10.9,10.9,10.9,2.5,2.1,2.3,2.1,2.7,2.4,3.0,3.8,6.1,5.7,6.5,6.1,16.0,13.8,18.3,59.4,65.9,52.6,24.6,20.3,29.1
2019-NY,71.3,75.3,73.2,28.2,27.1,27.6,8.7,9.8,9.2,2.6,2.6,2.6,2.6,3.9,3.2,2.4,4.5,6.7,5.7,7.9,6.7,12.7,11.3,14.2,63.8,67.6,59.6,23.6,21.2,26.2
2019-NC,72.7,75.6,74.1,38.3,30.7,34.4,11.4,9.7,10.6,4.3,3.4,3.9,3.2,4.7,3.9,2.9,4.9,8.3,7.7,9.1,8.3,18.5,16.4,20.7,57.4,63.3,50.9,24.1,20.3,28.4
2019-ND,72.2,71.9,72.1,34.6,38.3,36.5,7.3,9.0,8.2,1.6,2.7,2.2,1.9,3.8,2.8,2.3,5.0,6.5,4.7,8.3,6.5,17.0,16.0,18.1,60.2,65.4,55.2,22.8,18.6,26.8
2019-OH,70.9,74.4,72.6,36.3,34.7,35.4,9.3,11.1,10.1,3.3,3.4,3.3,2.9,4.8,3.7,3.3,5.8,8.3,7.0,9.9,8.3,20.8,20.0,21.6,55.0,59.7,49.9,24.2,20.3,28.5
2019-OK,65.3,67.8,66.5,38.0,37.3,37.7,10.3,12.0,11.1,4.0,4.0,4.0,4.1,5.4,4.7,3.3,5.8,9.9,9.2,10.7,9.9,18.9,16.8,21.1,55.8,61.6,49.8,25.3,21.6,29.1
2019-OR,76.3,76.7,76.5,29.4,29.3,29.4,7.3,7.6,7.4,2.7,2.5,2.6,3.1,2.9,3.0,2.5,4.5,6.8,6.3,7.4,6.8,14.5,13.6,15.4,58.6,63.0,53.9,27.0,23.4,30.7
2019-PA,74.8,76.4,75.6,34.0,34.1,34.0,9.0,9.2,9.1,2.9,3.3,3.1,2.8,3.8,3.3,2.5,4.7,7.3,6.5,8.4,7.3,17.3,16.5,18.2,56.3,60.6,51.8,26.4,22.9,30.1
2019-RI,72.3,75.8,74.0,28.6,31.7,30.1,7.5,10.7,9.1,1.9,2.4,2.1,2.0,4.7,3.3,2.2,4.5,6.7,4.9,8.7,6.7,13.3,11.4,15.3,60.0,63.4,56.2,26.7,25.1,28.4
2019-SC,69.6,73.9,71.7,37.6,34.6,36.1,11.3,11.9,11.5,3.2,4.5,3.8,2.9,5.0,3.8,3.0,5.7,8.7,7.0,10.8,8.7,17.5,15.8,19.5,56.9,63.1,50.1,25.5,21.1,30.4
2019-SD,70.1,71.6,70.9,33.3,34.5,33.9,8.1,10.4,9.2,2.4,2.3,2.4,2.9,4.7,3.7,2.9,5.6,7.2,6.0,8.4,7.2,18.3,17.8,18.8,55.5,61.1,50.0,26.2,21.1,31.2
2019-TN,68.3,73.8,70.9,37.3,37.8,37.5,11.3,13.2,12.2,4.2,3.9,4.0,3.3,5.5,4.3,3.3,6.1,9.5,8.2,11.0,9.5,19.9,18.9,20.9,54.8,59.7,49.6,25.3,21.5,29.4
2019-TX,70.8,75.1,72.9,35.8,33.7,34.7,10.8,12.9,11.9,4.0,3.1,3.6,2.4,3.5,3.0,2.7,5.0,7.9,7.3,8.5,7.9,14.7,11.3,18.2,65.1,72.0,58.0,20.2,16.7,23.8
2019-UT,80.7,82.3,81.5,30.1,30.7,30.3,7.6,8.8,8.2,2.2,2.1,2.1,1.7,3.0,2.3,1.8,3.8,5.6,4.5,6.8,5.6,7.9,5.8,10.0,75.5,81.9,69.0,16.6,12.4,20.9
2019-VT,82.2,79.9,81.1,25.9,27.9,26.9,6.4,8.0,7.2,1.9,2.8,2.4,2.5,3.8,3.1,2.3,5.5,6.9,5.4,8.6,6.9,15.1,13.8,16.5,55.2,58.6,51.7,29.6,27.6,31.8
2019-VA,73.8,76.8,75.3,34.6,30.5,32.5,9.1,10.6,9.8,2.8,3.0,2.9,1.9,4.0,2.9,2.3,4.9,6.9,5.6,8.4,6.9,14.0,12.8,15.3,62.9,66.8,58.7,23.1,20.4,26.0
2019-WA,80.7,81.5,81.1,28.5,29.2,28.9,7.8,9.3,8.5,2.2,2.7,2.5,2.2,3.6,2.8,2.0,4.2,6.4,5.0,8.0,6.4,12.6,11.7,13.6,62.2,65.8,58.6,25.1,22.5,27.8
2019-WV,68.5,73.0,70.7,41.2,40.7,40.9,12.7,13.6,13.1,4.4,4.1,4.2,4.9,7.8,6.2,5.1,8.4,11.9,10.4,13.7,11.9,23.8,23.2,24.4,49.9,54.9,44.6,26.4,22.0,31.0
2019-WI,75.0,79.9,77.4,36.1,33.1,34.5,7.0,7.8,7.3,1.9,2.5,2.2,1.5,4.3,2.8,1.5,4.2,5.7,4.0,7.6,5.7,15.4,13.6,17.2,57.8,63.1,52.4,26.8,23.4,30.4
2019-WY,77.2,75.0,76.1,29.4,31.5,30.5,6.6,6.8,6.7,2.7,2.8,2.8,2.4,3.1,2.7,2.2,4.5,6.6,5.9,7.5,6.6,18.4,17.9,18.9,57.2,60.2,54.2,24.4,21.9,26.9
