Year-State,current_overall,current_female,current_male,Never_overall,Never_female,Never_male,Former_overall,Former_female,Former_male
2019-AL,20.2,18.3,22.4,55.5,61.9,48.3,24.3,19.7,29.4
2018-AL,19.2,17.3,21.3,56.2,62.6,49.0,24.7,20.2,29.6
2017-AL,20.9,18.7,23.4,55.7,63.2,47.3,23.4,18.1,29.3
2016-AL,21.5,20.0,23.3,54.6,62.1,46.3,23.9,17.9,30.4
2015-AL,21.4,19.2,23.8,55.7,62.2,48.6,22.9,18.6,27.6
2014-AL,21.1,19.0,23.5,54.3,61.6,46.3,24.6,19.4,30.2
2013-AL,21.5,18.2,25.1,55.1,62.5,47.1,23.4,19.3,27.9
2012-AL,23.8,21.4,26.4,53.1,59.5,46.3,23.1,19.2,27.4
2011-AL,24.3,21.0,28.0,50.6,58.8,41.5,25.1,20.1,30.5
2019-AK,17.4,15.7,19.0,56.8,62.0,52.0,25.9,22.4,29.0
2018-AK,19.1,17.3,20.8,56.8,60.0,53.6,24.1,22.7,25.7
2017-AK,21.0,17.1,24.2,53.4,61.2,46.7,25.6,21.6,29.1
2016-AK,19.0,16.6,21.2,54.0,58.8,49.6,27.0,24.6,29.2
2015-AK,19.1,18.5,19.6,54.1,56.9,51.6,26.8,24.6,28.8
2014-AK,19.9,18.4,21.3,54.4,58.3,50.9,25.7,23.3,27.9
2013-AK,22.6,22.2,22.9,50.7,53.4,48.2,26.7,24.4,28.9
2012-AK,20.5,18.8,22.1,53.8,57.9,50.0,25.7,23.3,27.9
2011-AK,22.9,23.0,22.9,49.1,52.2,46.2,27.9,24.9,30.8
2019-AZ,14.9,12.5,17.4,58.7,64.7,52.5,26.4,22.8,30.1
2018-AZ,14.0,12.6,15.5,59.7,64.9,54.5,26.3,22.5,30.0
2017-AZ,15.6,12.9,18.3,59.8,65.5,53.8,24.7,21.6,27.9
2016-AZ,14.7,12.1,17.5,59.8,66.2,53.2,25.5,21.7,29.4
2015-AZ,14.0,12.0,16.2,60.9,67.1,54.5,25.0,20.9,29.3
2014-AZ,16.5,13.9,19.2,57.0,63.9,49.8,26.5,22.2,31.0
2013-AZ,16.3,13.5,19.3,57.6,64.0,51.0,26.0,22.5,29.7
2012-AZ,17.1,14.7,19.6,56.0,62.7,49.1,26.9,22.6,31.3
2011-AZ,19.3,17.5,21.0,55.9,61.3,50.3,24.9,21.1,28.7
2019-AR,20.2,18.8,21.7,54.3,59.9,48.3,25.5,21.3,30.0
2018-AR,22.7,21.7,23.9,53.0,57.8,47.8,24.3,20.6,28.4
2017-AR,22.3,21.6,22.8,52.2,57.5,46.7,25.5,20.8,30.5
2016-AR,23.6,22.5,24.8,51.9,57.2,46.4,24.5,20.4,28.9
2015-AR,24.9,22.1,27.8,51.1,57.5,44.3,24.1,20.4,27.9
2014-AR,24.7,23.4,26.2,50.0,56.3,43.4,25.2,20.3,30.4
2013-AR,25.9,25.2,26.7,49.1,56.2,41.4,25.0,18.5,31.9
2012-AR,25.0,22.8,27.5,50.8,56.9,44.3,24.1,20.4,28.2
2011-AR,27.0,25.2,28.9,47.9,53.0,42.6,25.1,21.8,28.6
2019-CA,10.0,7.4,12.7,67.0,73.9,59.9,23.0,18.7,27.4
2018-CA,11.2,7.8,14.8,66.7,74.3,58.9,22.1,18.0,26.3
2017-CA,11.3,7.8,14.9,66.4,73.6,59.0,22.3,18.6,26.0
2016-CA,11.0,8.2,13.8,66.0,73.0,58.7,23.1,18.8,27.4
2015-CA,11.7,8.3,15.2,65.3,72.9,57.6,23.0,18.9,27.2
2014-CA,12.8,9.5,16.3,64.3,72.4,56.1,22.8,18.2,27.6
2013-CA,12.5,9.1,16.1,64.7,72.0,57.1,22.8,19.0,26.8
2012-CA,12.6,10.1,15.2,63.6,70.1,56.9,23.8,19.9,27.9
2011-CA,13.7,10.0,17.3,62.5,70.1,54.8,23.9,19.9,27.9
2019-CO,13.5,11.9,15.1,61.0,65.8,56.1,25.5,22.3,28.8
2018-CO,14.5,12.4,16.6,59.7,64.4,54.9,25.9,23.3,28.5
2017-CO,14.6,12.6,16.6,59.8,64.8,54.9,25.6,22.7,28.5
2016-CO,15.6,13.5,17.7,59.5,64.4,54.5,24.9,22.1,27.8
2015-CO,15.6,14.2,17.1,57.7,62.8,52.6,26.6,23.0,30.3
2014-CO,15.7,14.6,16.9,57.8,62.6,52.9,26.5,22.8,30.3
2013-CO,17.7,16.4,19.0,56.1,60.4,51.8,26.2,23.2,29.2
2012-CO,17.7,16.3,19.2,56.0,60.8,51.0,26.3,22.9,29.8
2011-CO,18.3,15.2,21.3,54.6,60.1,49.2,27.1,24.8,29.5
2019-CT,12.1,10.6,13.7,62.7,65.4,59.9,25.2,24.1,26.4
2018-CT,12.2,10.8,13.6,60.6,63.5,57.5,27.2,25.7,28.9
2017-CT,12.7,11.5,14.1,61.3,64.0,58.3,26.0,24.5,27.6
2016-CT,13.3,12.0,14.8,59.4,63.0,55.6,27.2,25.0,29.6
2015-CT,13.5,10.9,16.3,59.1,64.2,53.5,27.4,24.9,30.2
2014-CT,15.4,13.5,17.5,56.9,60.1,53.5,27.7,26.4,29.1
2013-CT,15.5,14.3,16.8,56.3,59.1,53.3,28.2,26.6,29.9
2012-CT,16.0,13.7,18.5,55.3,58.9,51.5,28.7,27.4,30.1
2011-CT,17.1,15.4,19.0,55.1,57.7,52.2,27.8,26.9,28.8
2019-DE,15.9,16.0,15.8,57.8,60.9,54.3,26.3,23.1,29.8
2018-DE,16.5,14.9,18.3,57.8,60.7,54.6,25.7,24.4,27.1
2017-DE,17.0,16.2,17.9,57.9,62.8,52.6,25.1,21.0,29.5
2016-DE,17.7,16.4,19.0,55.5,59.3,51.4,26.8,24.3,29.6
2015-DE,17.4,14.2,20.9,55.6,61.6,48.9,27.0,24.2,30.2
2014-DE,19.9,16.6,23.5,55.5,61.9,48.5,24.6,21.5,28.0
2013-DE,19.6,17.3,22.0,55.0,59.3,50.3,25.4,23.3,27.7
2012-DE,19.7,18.9,20.7,53.4,57.4,49.0,26.9,23.7,30.3
2011-DE,21.8,18.3,25.5,49.9,54.7,44.7,28.3,27.0,29.7
2019-DC,12.7,9.8,16.1,66.6,70.9,61.7,20.6,19.3,22.1
2018-DC,13.8,12.6,15.1,65.4,69.6,60.6,20.9,17.8,24.3
2017-DC,14.3,11.3,17.8,67.2,72.3,61.4,18.4,16.4,20.8
2016-DC,14.7,12.1,17.7,66.1,70.2,61.5,19.2,17.7,20.9
2015-DC,16.0,16.1,15.8,62.5,64.9,59.8,21.5,18.9,24.4
2014-DC,16.4,14.6,18.4,64.5,66.5,62.3,19.1,18.9,19.3
2013-DC,18.8,14.7,23.4,59.8,66.0,52.8,21.4,19.3,23.8
2012-DC,19.6,17.0,22.6,59.5,64.9,53.3,20.9,18.1,24.1
2011-DC,20.8,17.1,25.1,57.2,61.9,51.7,22.0,20.9,23.2
2019-FL,14.8,13.9,15.7,58.9,62.7,54.8,26.3,23.3,29.5
2018-FL,14.5,12.8,16.2,58.1,62.6,53.3,27.4,24.6,30.4
2017-FL,16.1,13.5,18.8,59.0,64.3,53.3,24.9,22.1,27.9
2016-FL,15.5,13.3,17.8,58.0,64.3,51.3,26.5,22.4,30.9
2015-FL,15.8,14.3,17.4,56.2,60.9,51.2,28.0,24.8,31.4
2014-FL,17.6,15.5,20.0,54.6,59.8,48.9,27.8,24.7,31.1
2013-FL,16.8,14.4,19.5,55.0,60.7,48.9,28.1,24.9,31.6
2012-FL,17.7,15.8,19.7,54.5,60.7,47.9,27.8,23.5,32.5
2011-FL,19.3,16.9,21.8,52.8,58.4,46.8,27.9,24.7,31.4
2019-GA,16.3,13.9,19.0,61.8,68.2,54.7,21.9,17.9,26.3
2018-GA,16.1,14.6,17.7,62.4,67.5,56.9,21.5,17.9,25.4
2017-GA,17.5,14.3,20.9,62.2,68.6,55.3,20.3,17.1,23.8
2016-GA,17.9,14.8,21.2,61.2,66.3,55.7,20.9,18.9,23.0
2015-GA,17.7,15.5,20.0,60.1,66.1,53.6,22.2,18.3,26.4
2014-GA,17.4,13.6,21.4,60.2,67.8,52.1,22.4,18.6,26.5
2013-GA,18.8,15.4,22.6,60.5,67.6,52.9,20.6,17.0,24.5
2012-GA,20.4,17.4,23.5,58.5,65.7,50.7,21.1,16.8,25.8
2011-GA,21.2,18.2,24.3,56.7,62.8,50.1,22.1,18.9,25.5
2019-HI,12.3,9.4,15.2,62.3,68.7,55.9,25.4,21.9,28.9
2018-HI,13.4,10.9,15.8,60.6,66.9,54.3,26.0,22.2,29.9
2017-HI,12.8,9.4,16.1,60.5,68.3,52.8,26.7,22.3,31.1
2016-HI,13.1,10.9,15.1,61.6,68.4,54.9,25.4,20.7,29.9
2015-HI,14.1,10.8,17.3,60.6,67.1,54.2,25.3,22.0,28.5
2014-HI,14.1,12.1,16.2,59.9,65.1,54.8,25.9,22.8,29.1
2013-HI,13.3,11.0,15.7,59.4,65.6,53.1,27.3,23.3,31.2
2012-HI,14.6,11.6,17.5,59.8,66.7,52.9,25.6,21.7,29.6
2011-HI,16.8,13.9,19.7,57.3,63.8,50.8,25.9,22.3,29.5
2019-ID,15.3,13.9,16.8,61.1,66.9,55.2,23.5,19.2,28.0
2018-ID,14.7,13.6,15.9,61.9,67.2,56.5,23.4,19.2,27.7
2017-ID,14.3,13.1,15.7,61.8,66.8,56.7,23.9,20.1,27.7
2016-ID,14.5,14.3,14.7,62.0,64.2,59.7,23.5,21.5,25.6
2015-ID,13.8,13.0,14.6,62.5,66.6,58.4,23.6,20.3,26.9
2014-ID,15.9,15.5,16.4,60.2,64.3,56.0,23.9,20.3,27.6
2013-ID,17.2,15.0,19.4,58.2,63.9,52.3,24.7,21.0,28.3
2012-ID,16.4,16.6,16.3,59.3,61.0,57.5,24.3,22.4,26.2
2011-ID,17.2,15.0,19.4,58.5,64.0,52.8,24.4,21.0,27.7
2019-IL,14.5,12.1,17.0,60.3,65.8,54.5,25.2,22.1,28.5
2018-IL,15.5,12.1,18.9,61.7,68.8,54.5,22.8,19.1,26.6
2017-IL,15.5,13.8,17.3,61.5,66.7,56.0,23.0,19.6,26.7
2016-IL,15.8,13.0,18.7,60.1,66.1,53.7,24.1,20.8,27.6
2015-IL,15.1,12.8,17.6,60.5,65.4,55.3,24.4,21.8,27.2
2014-IL,16.5,14.5,18.7,59.5,64.8,53.9,24.0,20.8,27.4
2013-IL,18.0,15.0,21.2,57.2,62.1,51.9,24.8,22.8,26.9
2012-IL,18.6,16.2,21.1,57.0,63.2,50.4,24.4,20.6,28.5
2011-IL,20.9,17.8,24.2,54.7,60.8,48.4,24.4,21.5,27.4
2019-IN,19.2,17.3,21.2,55.9,61.1,50.4,24.9,21.6,28.4
2018-IN,21.1,19.0,23.3,55.0,60.8,48.9,23.9,20.2,27.8
2017-IN,21.8,20.2,23.5,53.7,58.4,48.7,24.5,21.4,27.8
2016-IN,21.1,18.8,23.6,54.4,60.7,47.7,24.5,20.5,28.7
2015-IN,20.6,19.3,21.9,53.9,60.8,46.6,25.5,19.9,31.5
2014-IN,22.9,21.5,24.5,53.0,58.0,47.8,24.1,20.6,27.7
2013-IN,21.9,20.4,23.5,52.9,57.7,47.8,25.2,21.9,28.7
2012-IN,24.0,21.6,26.5,52.4,58.8,45.6,23.7,19.6,28.0
2011-IN,25.6,23.8,27.6,49.7,54.7,44.4,24.7,21.6,28.1
2019-IA,16.4,14.8,17.9,59.4,64.7,54.1,24.2,20.5,28.0
2018-IA,16.6,15.3,18.0,59.0,65.5,52.4,24.4,19.2,29.7
2017-IA,17.1,15.8,18.5,58.3,63.3,53.1,24.6,21.0,28.4
2016-IA,16.7,15.8,17.7,58.0,63.2,52.7,25.3,21.0,29.6
2015-IA,18.1,16.7,19.5,56.3,61.6,50.8,25.6,21.7,29.7
2014-IA,18.5,17.2,19.9,55.9,61.9,49.6,25.7,21.0,30.6
2013-IA,19.5,16.6,22.5,56.1,62.2,49.9,24.4,21.2,27.7
2012-IA,18.1,16.5,19.8,56.9,62.9,50.5,25.0,20.6,29.7
2011-IA,20.4,18.6,22.2,54.6,60.5,48.4,25.0,20.9,29.4
2019-KS,16.2,16.0,16.4,59.2,63.4,54.9,24.6,20.5,28.7
2018-KS,17.2,16.3,18.3,58.2,62.1,54.1,24.6,21.6,27.7
2017-KS,17.4,16.4,18.3,58.3,62.8,53.7,24.3,20.8,28.0
2016-KS,17.2,15.7,18.7,58.7,63.6,53.8,24.1,20.7,27.5
2015-KS,17.7,16.1,19.3,58.1,63.4,52.7,24.1,20.4,28.0
2014-KS,18.1,16.7,19.5,58.3,62.7,53.7,23.6,20.6,26.7
2013-KS,20.0,17.8,22.3,55.9,61.8,49.8,24.0,20.4,27.8
2012-KS,19.4,17.7,21.1,56.9,61.5,52.1,23.8,20.8,26.8
2011-KS,22.0,19.5,24.6,55.6,60.8,50.2,22.4,19.7,25.2
2019-KY,23.6,25.1,22.1,51.4,54.4,48.2,25.0,20.5,29.7
2018-KY,23.4,23.3,23.2,49.7,53.3,46.0,27.0,23.3,30.8
2017-KY,24.6,22.4,26.9,49.8,55.1,44.3,25.6,22.6,28.8
2016-KY,24.5,24.0,25.0,50.7,54.6,46.6,24.8,21.4,28.4
2015-KY,25.9,25.5,26.4,48.9,54.0,43.5,25.1,20.4,30.1
2014-KY,26.2,25.2,27.2,48.4,53.1,43.3,25.5,21.7,29.5
2013-KY,26.5,24.6,28.4,47.5,52.7,42.2,26.0,22.7,29.4
2012-KY,28.3,26.1,30.6,46.2,52.7,39.4,25.5,21.2,30.0
2011-KY,29.0,26.6,31.6,46.8,51.7,41.5,24.2,21.8,26.9
2019-LA,21.9,19.8,24.1,55.2,61.6,48.4,22.9,18.6,27.5
2018-LA,20.5,18.3,22.8,56.9,62.9,50.5,22.6,18.7,26.7
2017-LA,23.1,21.0,25.4,54.0,58.9,48.5,22.9,20.1,26.1
2016-LA,22.8,20.2,25.5,54.3,60.9,47.2,23.0,19.0,27.2
2015-LA,21.9,19.3,24.7,55.7,61.6,49.2,22.5,19.1,26.1
2014-LA,24.0,20.7,27.6,53.8,60.5,46.6,22.2,18.8,25.8
2013-LA,23.5,20.0,27.3,53.9,61.5,45.6,22.6,18.4,27.1
2012-LA,24.8,21.1,28.6,53.4,60.4,45.8,21.9,18.5,25.5
2011-LA,25.7,22.3,29.5,52.2,58.7,45.2,22.0,19.0,25.3
2019-ME,17.6,15.4,19.9,52.0,56.0,47.8,30.4,28.6,32.3
2018-ME,17.8,15.5,20.1,50.3,54.2,46.3,31.9,30.4,33.6
2017-ME,17.3,14.3,20.5,51.0,56.5,45.1,31.7,29.1,34.5
2016-ME,19.8,18.0,21.6,48.2,52.7,43.5,32.0,29.3,34.9
2015-ME,19.5,18.1,21.0,48.9,53.1,44.5,31.6,28.9,34.5
2014-ME,19.3,17.8,21.0,48.7,52.5,44.6,32.0,29.7,34.5
2013-ME,20.2,18.2,22.4,48.7,53.1,44.0,31.1,28.7,33.6
2012-ME,20.3,17.8,23.0,48.6,53.1,43.7,31.1,29.2,33.2
2011-ME,22.8,20.6,25.1,45.6,50.1,40.8,31.6,29.2,34.1
2019-MD,12.7,11.3,14.2,65.2,69.1,61.0,22.1,19.6,24.8
2018-MD,12.5,11.3,14.0,64.0,68.7,58.7,23.5,20.0,27.3
2017-MD,13.8,11.9,16.0,64.2,68.8,59.1,22.0,19.3,24.9
2016-MD,13.7,11.9,15.6,62.8,66.9,58.4,23.5,21.1,26.0
2015-MD,15.1,13.4,16.9,61.5,66.6,56.0,23.4,19.9,27.1
2014-MD,14.6,12.6,16.8,62.8,67.4,57.8,22.6,20.0,25.4
2013-MD,16.4,13.7,19.4,61.3,66.8,55.2,22.3,19.5,25.4
2012-MD,16.2,14.9,17.5,60.4,64.0,56.5,23.4,21.1,26.0
2011-MD,19.1,17.2,21.2,58.3,61.2,55.1,22.6,21.6,23.7
2019-MA,12.0,9.8,14.5,62.6,65.8,59.2,25.3,24.4,26.3
2018-MA,13.4,11.7,15.2,61.5,64.3,58.5,25.1,24.0,26.3
2017-MA,13.7,12.6,14.8,61.3,64.7,57.5,25.1,22.7,27.7
2016-MA,13.6,11.9,15.5,59.6,62.6,56.3,26.8,25.5,28.1
2015-MA,14.0,11.9,16.4,59.1,62.3,55.6,26.9,25.8,28.0
2014-MA,14.7,12.9,16.7,58.5,61.5,55.1,26.8,25.6,28.2
2013-MA,16.6,14.7,18.7,56.1,59.6,52.4,27.2,25.7,28.8
2012-MA,16.4,14.8,18.0,55.9,58.4,53.2,27.7,26.8,28.8
2011-MA,18.2,16.9,19.7,53.5,55.5,51.3,28.3,27.6,29.1
2019-MI,18.7,17.2,20.2,54.8,59.2,50.1,26.5,23.5,29.7
2018-MI,18.9,16.9,21.1,54.7,59.3,49.7,26.4,23.8,29.2
2017-MI,19.3,16.9,21.8,54.0,58.5,49.3,26.7,24.6,28.9
2016-MI,20.4,18.7,22.3,53.8,57.7,49.6,25.8,23.6,28.1
2015-MI,20.7,19.1,22.4,53.0,55.7,50.1,26.3,25.2,27.4
2014-MI,21.2,18.9,23.7,52.1,56.6,47.4,26.7,24.5,28.9
2013-MI,21.4,18.3,24.7,51.6,57.7,45.1,27.0,24.0,30.2
2012-MI,23.3,22.8,23.8,50.9,54.2,47.4,25.8,23.0,28.8
2011-MI,23.3,19.6,27.2,51.0,56.8,44.9,25.7,23.5,27.9
2019-MN,14.6,13.0,16.3,59.8,63.7,55.8,25.6,23.3,27.9
2018-MN,15.1,13.5,16.8,59.0,63.6,54.1,25.9,23.0,29.0
2017-MN,14.5,12.8,16.3,59.1,64.1,54.0,26.3,23.0,29.8
2016-MN,15.2,13.9,16.6,58.7,63.2,54.2,26.1,22.9,29.3
2015-MN,16.2,14.8,17.6,57.1,61.2,53.0,26.7,24.0,29.4
2014-MN,16.3,14.8,17.9,57.1,61.5,52.4,26.7,23.7,29.7
2013-MN,18.0,16.7,19.4,54.2,57.3,50.9,27.8,26.0,29.7
2012-MN,18.8,16.0,21.7,54.0,59.2,48.7,27.2,24.8,29.6
2011-MN,19.1,17.0,21.2,54.7,58.8,50.5,26.2,24.3,28.2
2019-MS,20.4,16.9,24.2,57.7,65.3,49.4,21.9,17.8,26.4
2018-MS,20.5,18.1,23.2,57.2,64.2,49.6,22.2,17.7,27.2
2017-MS,22.2,22.1,22.2,56.3,61.7,50.3,21.6,16.2,27.5
2016-MS,22.7,21.3,24.3,53.7,60.6,46.1,23.6,18.1,29.6
2015-MS,22.5,18.4,27.0,56.1,64.6,46.9,21.3,17.0,26.0
2014-MS,23.0,22.7,23.2,55.1,60.9,48.9,21.9,16.3,27.9
2013-MS,24.8,22.0,28.0,53.7,61.4,45.3,21.4,16.6,26.8
2012-MS,24.0,21.0,27.3,55.3,62.7,47.2,20.7,16.3,25.5
2011-MS,26.0,21.8,30.5,52.8,62.2,42.4,21.3,16.0,27.1
2019-MO,19.6,18.7,20.6,53.8,58.2,49.2,26.6,23.1,30.2
2018-MO,19.4,18.4,20.5,56.0,60.5,51.0,24.6,21.1,28.4
2017-MO,20.8,20.0,21.6,53.4,58.1,48.5,25.8,21.9,30.0
2016-MO,22.1,19.9,24.5,51.6,56.9,45.9,26.3,23.2,29.6
2015-MO,22.3,21.0,23.6,51.9,56.7,46.8,25.9,22.3,29.6
2014-MO,20.6,19.4,21.9,54.9,60.2,49.3,24.4,20.4,28.8
2013-MO,22.1,20.1,24.3,52.7,57.6,47.5,25.2,22.4,28.2
2012-MO,23.9,21.8,26.2,52.2,56.5,47.6,23.9,21.7,26.3
2011-MO,25.0,23.6,26.4,50.0,55.6,44.0,25.0,20.8,29.6
2019-MT,16.6,16.5,16.7,56.7,59.4,54.0,26.7,24.1,29.2
2018-MT,18.0,17.3,18.7,55.6,60.5,50.7,26.4,22.2,30.6
2017-MT,17.2,16.8,17.5,55.6,58.3,52.8,27.3,24.9,29.7
2016-MT,18.5,17.3,19.8,54.1,59.4,48.9,27.3,23.3,31.3
2015-MT,18.9,18.5,19.3,53.9,56.7,51.2,27.2,24.8,29.6
2014-MT,19.9,19.9,20.0,52.9,55.5,50.3,27.2,24.6,29.7
2013-MT,19.0,17.3,20.7,54.2,58.1,50.3,26.8,24.6,29.0
2012-MT,19.7,18.8,20.6,53.1,57.1,49.0,27.2,24.1,30.5
2011-MT,22.1,21.0,23.2,51.0,55.6,46.3,26.9,23.4,30.5
2019-NE,14.7,13.6,15.7,60.6,64.8,56.3,24.7,21.5,28.0
2018-NE,16.0,14.5,17.5,60.3,65.2,55.3,23.7,20.4,27.2
2017-NE,15.4,14.5,16.4,60.0,64.9,54.9,24.6,20.6,28.7
2016-NE,17.0,15.4,18.6,58.4,63.1,53.7,24.6,21.5,27.7
2015-NE,17.1,15.8,18.4,58.5,63.8,53.1,24.4,20.3,28.5
2014-NE,17.3,16.2,18.5,58.0,62.6,53.2,24.7,21.2,28.2
2013-NE,18.5,17.2,19.8,56.9,62.6,50.9,24.7,20.3,29.3
2012-NE,19.7,18.1,21.4,55.9,61.0,50.5,24.4,20.9,28.1
2011-NE,20.0,17.9,22.1,55.7,61.0,50.2,24.3,21.0,27.7
2019-NV,15.7,13.9,17.5,59.8,66.3,53.3,24.5,19.8,29.3
2018-NV,15.7,14.0,17.3,58.6,64.6,52.6,25.7,21.4,30.1
2017-NV,17.6,15.8,19.4,58.5,64.9,52.0,24.0,19.3,28.6
2016-NV,16.5,14.1,18.9,59.1,64.9,53.2,24.4,21.0,27.9
2015-NV,17.5,14.6,20.5,56.9,61.7,52.0,25.6,23.7,27.5
2014-NV,17.0,13.7,20.2,59.0,64.4,53.5,24.0,21.9,26.3
2013-NV,19.4,18.1,20.6,58.1,61.0,55.3,22.5,20.9,24.1
2012-NV,18.1,16.4,19.9,57.4,62.0,52.8,24.5,21.6,27.4
2011-NV,22.9,20.2,25.6,52.5,57.4,47.7,24.6,22.4,26.8
2019-NH,15.9,14.7,17.1,53.8,56.2,51.4,30.3,29.0,31.6
2018-NH,15.6,15.3,16.0,54.9,56.0,53.5,29.5,28.7,30.4
2017-NH,15.7,14.5,16.8,54.0,56.5,51.3,30.3,28.9,31.8
2016-NH,18.0,17.6,18.5,53.6,55.6,51.6,28.4,26.8,29.9
2015-NH,15.9,15.4,16.5,53.8,55.4,52.1,30.3,29.2,31.4
2014-NH,17.5,16.7,18.4,52.4,55.4,49.3,30.1,28.0,32.4
2013-NH,16.2,15.8,16.7,52.7,55.1,50.2,31.0,29.0,33.1
2012-NH,17.2,14.5,20.0,51.3,55.3,47.1,31.6,30.3,32.9
2011-NH,19.4,18.5,20.4,51.3,52.8,49.8,29.2,28.7,29.8
2019-NJ,,,,,,,,,
2018-NJ,13.1,11.7,14.5,63.1,67.1,58.8,23.9,21.2,26.7
2017-NJ,13.7,11.5,16.1,61.0,66.0,55.5,25.3,22.5,28.4
2016-NJ,14.0,13.1,14.9,62.3,66.4,58.0,23.7,20.6,27.1
2015-NJ,13.5,11.5,15.7,61.3,65.0,57.2,25.2,23.5,27.1
2014-NJ,15.1,12.6,17.8,60.6,64.9,56.0,24.3,22.5,26.2
2013-NJ,15.7,13.9,17.5,58.6,62.2,54.7,25.8,23.9,27.7
2012-NJ,17.3,14.6,20.3,57.2,61.9,52.1,25.5,23.5,27.7
2011-NJ,16.8,14.6,19.1,57.4,61.7,52.8,25.8,23.7,28.0
2019-NM,16.0,13.8,18.3,59.4,65.9,52.6,24.6,20.3,29.1
2018-NM,15.2,13.2,17.3,59.3,65.8,52.5,25.5,21.0,30.2
2017-NM,17.5,14.5,20.6,58.6,65.2,51.8,23.9,20.3,27.6
2016-NM,16.6,14.0,19.4,57.7,65.1,50.1,25.6,20.9,30.5
2015-NM,17.5,16.0,19.1,57.7,62.7,52.5,24.7,21.2,28.4
2014-NM,19.1,16.5,22.0,55.4,62.3,48.1,25.5,21.3,29.9
2013-NM,19.1,16.2,22.2,55.5,62.7,48.0,25.4,21.2,29.8
2012-NM,19.3,16.7,22.0,55.8,62.9,48.3,24.9,20.4,29.7
2011-NM,21.5,18.2,24.9,53.6,60.4,46.5,24.9,21.4,28.6
2019-NY,12.7,11.3,14.2,63.8,67.6,59.6,23.6,21.2,26.2
2018-NY,12.8,10.9,15.0,63.8,68.0,59.0,23.4,21.0,26.0
2017-NY,14.1,10.9,17.5,62.8,67.1,58.1,23.1,22.0,24.3
2016-NY,14.2,11.9,16.7,62.5,67.6,57.1,23.3,20.5,26.3
2015-NY,15.2,12.9,17.7,60.6,64.3,56.5,24.2,22.8,25.7
2014-NY,14.4,12.0,17.0,62.0,67.2,56.4,23.6,20.9,26.6
2013-NY,16.6,14.1,19.3,58.4,63.7,52.5,25.0,22.1,28.2
2012-NY,16.2,13.2,19.5,58.6,65.1,51.4,25.2,21.7,29.1
2011-NY,18.1,16.8,19.5,56.4,60.2,52.4,25.4,23.0,28.1
2019-NC,18.5,16.4,20.7,57.4,63.3,50.9,24.1,20.3,28.4
2018-NC,17.4,14.9,20.3,57.0,63.5,49.9,25.6,21.6,29.9
2017-NC,17.2,15.4,19.2,56.9,62.1,51.2,25.9,22.5,29.6
2016-NC,17.9,15.3,20.7,56.8,62.4,50.8,25.3,22.3,28.6
2015-NC,19.0,16.3,21.9,55.2,60.9,49.0,25.8,22.8,29.1
2014-NC,19.1,16.5,21.9,56.5,62.8,49.7,24.4,20.7,28.4
2013-NC,20.3,17.3,23.4,54.7,61.9,46.8,25.1,20.7,29.7
2012-NC,20.9,19.3,22.6,53.6,59.5,47.2,25.5,21.2,30.2
2011-NC,21.8,19.2,24.5,53.4,60.8,45.5,24.8,20.0,29.9
2019-ND,17.0,16.0,18.1,60.2,65.4,55.2,22.8,18.6,26.8
2018-ND,19.1,17.1,21.0,57.3,62.0,52.8,23.6,20.9,26.3
2017-ND,18.3,17.1,19.4,56.8,61.3,52.3,24.9,21.6,28.2
2016-ND,19.8,17.1,22.3,55.5,61.6,49.6,24.8,21.3,28.0
2015-ND,18.7,15.4,21.9,56.7,63.5,50.2,24.5,21.0,27.9
2014-ND,19.9,16.3,23.4,56.0,62.4,49.9,24.1,21.2,26.8
2013-ND,21.2,19.4,22.9,53.7,60.0,47.4,25.1,20.6,29.7
2012-ND,21.2,18.8,23.6,54.1,59.9,48.4,24.7,21.3,28.0
2011-ND,21.9,19.5,24.2,52.9,58.5,47.3,25.3,22.0,28.5
2019-OH,20.8,20.0,21.6,55.0,59.7,49.9,24.2,20.3,28.5
2018-OH,20.5,19.0,22.1,54.3,58.8,49.6,25.2,22.2,28.4
2017-OH,21.1,19.9,22.4,54.4,58.8,49.8,24.4,21.3,27.7
2016-OH,22.5,20.5,24.7,53.9,59.1,48.3,23.6,20.4,27.0
2015-OH,21.6,20.2,23.1,54.0,58.9,48.7,24.4,20.9,28.2
2014-OH,21.0,20.4,21.7,54.0,58.2,49.5,25.0,21.5,28.8
2013-OH,23.4,22.6,24.1,51.4,54.9,47.6,25.3,22.5,28.3
2012-OH,23.3,21.3,25.4,52.1,57.6,46.1,24.6,21.1,28.5
2011-OH,25.1,24.2,26.0,49.7,53.9,45.1,25.2,21.9,28.9
2019-OK,18.9,16.8,21.1,55.8,61.6,49.8,25.3,21.6,29.1
2018-OK,19.7,17.2,22.2,55.5,61.5,49.3,24.8,21.3,28.5
2017-OK,20.1,19.2,21.2,55.3,59.4,50.9,24.5,21.4,27.9
2016-OK,19.6,17.9,21.4,55.6,60.5,50.4,24.8,21.6,28.2
2015-OK,22.2,20.4,24.0,53.1,57.7,48.5,24.7,21.9,27.6
2014-OK,21.1,19.1,23.1,53.0,58.4,47.3,26.0,22.5,29.6
2013-OK,23.7,21.7,25.8,51.8,56.7,46.6,24.5,21.6,27.6
2012-OK,23.3,22.2,24.4,52.4,58.4,46.0,24.4,19.4,29.6
2011-OK,26.1,24.3,28.1,49.2,54.9,43.2,24.7,20.9,28.8
2019-OR,14.5,13.6,15.4,58.6,63.0,53.9,27.0,23.4,30.7
2018-OR,15.6,15.9,15.4,56.9,60.6,53.2,27.5,23.5,31.5
2017-OR,16.1,14.2,18.1,58.2,61.8,54.4,25.7,24.0,27.5
2016-OR,16.2,14.4,18.1,56.8,61.2,52.2,27.0,24.4,29.7
2015-OR,17.1,16.3,17.9,55.9,60.3,51.4,27.0,23.4,30.7
2014-OR,17.0,15.8,18.2,55.9,59.5,52.2,27.1,24.7,29.6
2013-OR,17.3,16.0,18.7,55.4,59.0,51.6,27.3,25.0,29.7
2012-OR,17.9,17.1,18.7,54.4,58.8,49.8,27.8,24.1,31.5
2011-OR,19.7,18.4,21.1,52.8,56.6,48.9,27.5,25.0,30.0
2019-PA,17.3,16.5,18.2,56.3,60.6,51.8,26.4,22.9,30.1
2018-PA,17.0,16.8,17.4,57.2,60.5,53.7,25.8,22.7,29.0
2017-PA,18.7,16.9,20.8,54.3,60.7,47.6,26.9,22.5,31.6
2016-PA,18.0,16.0,20.1,55.6,60.1,50.7,26.5,23.9,29.3
2015-PA,18.1,16.6,19.8,55.9,59.5,52.1,26.0,24.0,28.1
2014-PA,19.9,18.9,21.0,55.3,58.8,51.5,24.8,22.3,27.4
2013-PA,21.0,18.6,23.5,53.1,58.7,47.0,26.0,22.7,29.5
2012-PA,21.4,19.7,23.2,53.2,58.4,47.5,25.5,22.0,29.3
2011-PA,22.4,21.5,23.5,52.2,56.8,47.2,25.4,21.8,29.3
2019-RI,13.3,11.4,15.3,60.0,63.4,56.2,26.7,25.1,28.4
2018-RI,14.6,14.4,14.9,57.9,60.4,55.1,27.5,25.2,30.0
2017-RI,14.9,12.9,17.2,56.6,59.8,52.9,28.5,27.2,29.9
2016-RI,14.4,12.2,16.9,57.5,62.3,52.4,28.0,25.6,30.7
2015-RI,15.5,12.8,18.5,56.6,61.7,51.0,27.9,25.5,30.6
2014-RI,16.3,13.9,18.8,56.0,60.0,51.7,27.7,26.1,29.5
2013-RI,17.4,15.9,19.1,54.0,57.2,50.5,28.6,26.9,30.4
2012-RI,17.4,16.2,18.8,54.9,57.8,51.8,27.6,26.0,29.5
2011-RI,20.0,18.8,21.4,52.2,55.5,48.7,27.7,25.7,29.9
2019-SC,17.5,15.8,19.5,56.9,63.1,50.1,25.5,21.1,30.4
2018-SC,18.0,16.4,19.8,56.5,63.0,49.2,25.5,20.5,30.9
2017-SC,18.8,16.0,21.8,54.7,62.1,46.8,26.5,21.9,31.5
2016-SC,20.0,17.4,22.9,54.2,61.8,45.8,25.8,20.8,31.3
2015-SC,19.7,16.2,23.4,55.4,61.8,48.3,25.0,22.0,28.2
2014-SC,21.5,19.1,24.1,53.2,59.9,45.8,25.3,20.9,30.0
2013-SC,22.0,18.1,26.2,52.7,59.5,45.4,25.3,22.4,28.4
2012-SC,22.5,19.1,26.2,51.8,58.5,44.5,25.6,22.3,29.2
2011-SC,23.1,20.7,25.8,52.8,59.2,45.9,24.0,20.1,28.2
2019-SD,18.3,17.8,18.8,55.5,61.1,50.0,26.2,21.1,31.2
2018-SD,19.0,16.3,21.5,55.9,61.6,50.2,25.1,22.1,28.3
2017-SD,19.3,16.5,22.1,55.1,60.8,49.2,25.7,22.7,28.7
2016-SD,18.1,15.1,21.1,55.6,62.0,49.2,26.3,22.9,29.7
2015-SD,20.1,20.6,19.5,54.1,57.9,50.3,25.8,21.5,30.2
2014-SD,18.6,18.4,18.7,55.0,60.4,49.6,26.4,21.2,31.7
2013-SD,19.6,19.4,19.7,53.1,57.9,48.2,27.4,22.7,32.1
2012-SD,22.0,19.3,24.7,51.6,56.7,46.3,26.5,24.0,29.0
2011-SD,23.0,21.7,24.4,51.5,56.4,46.6,25.5,21.9,29.0
2019-TN,19.9,18.9,20.9,54.8,59.7,49.6,25.3,21.5,29.4
2018-TN,20.7,19.8,21.5,54.6,59.9,48.8,24.8,20.2,29.7
2017-TN,22.6,21.1,24.3,53.6,59.4,47.4,23.8,19.6,28.3
2016-TN,22.1,20.4,23.9,54.1,59.8,48.0,23.8,19.8,28.1
2015-TN,21.9,21.1,22.8,53.3,59.4,46.5,24.8,19.5,30.7
2014-TN,24.2,22.6,26.0,51.8,57.8,45.3,24.0,19.6,28.7
2013-TN,24.3,22.0,26.8,51.6,57.4,45.3,24.1,20.6,27.9
2012-TN,24.9,22.7,27.2,51.0,57.4,44.0,24.2,19.9,28.8
2011-TN,23.0,21.3,24.8,53.2,56.9,49.2,23.8,21.8,25.9
2019-TX,14.7,11.3,18.2,65.1,72.0,58.0,20.2,16.7,23.8
2018-TX,14.4,11.4,17.5,64.0,71.9,55.8,21.6,16.7,26.7
2017-TX,15.7,13.6,17.8,64.4,71.2,57.4,19.9,15.2,24.8
2016-TX,14.3,11.3,17.3,62.8,70.7,54.6,23.0,18.0,28.0
2015-TX,15.2,12.4,18.2,63.5,70.7,55.9,21.3,17.0,25.9
2014-TX,14.5,12.5,16.7,64.2,71.0,57.1,21.3,16.5,26.2
2013-TX,15.9,13.1,18.7,62.1,68.8,55.1,22.0,18.1,26.2
2012-TX,18.2,13.1,23.4,60.4,69.6,50.9,21.4,17.3,25.7
2011-TX,19.2,15.0,23.6,59.0,67.6,50.3,21.7,17.4,26.2
2019-UT,7.9,5.8,10.0,75.5,81.9,69.0,16.6,12.4,20.9
2018-UT,9.0,7.5,10.4,75.1,80.6,69.6,15.9,11.9,20.0
2017-UT,8.9,6.8,11.0,76.1,82.4,69.7,15.0,10.8,19.3
2016-UT,8.8,7.1,10.4,75.3,81.1,69.5,15.9,11.8,20.1
2015-UT,9.1,7.0,11.2,74.8,80.3,69.2,16.1,12.7,19.7
2014-UT,9.7,8.2,11.2,74.3,80.2,68.3,16.1,11.6,20.6
2013-UT,10.3,8.8,11.9,72.4,78.1,66.6,17.3,13.1,21.6
2012-UT,10.6,9.2,11.9,72.9,78.5,67.2,16.5,12.3,20.9
2011-UT,11.8,9.6,14.1,72.2,78.8,65.6,16.0,11.6,20.3
2019-VT,15.1,13.8,16.5,55.2,58.6,51.7,29.6,27.6,31.8
2018-VT,13.7,12.7,14.7,56.0,60.0,51.9,30.3,27.3,33.4
2017-VT,15.8,14.7,17.0,54.7,57.9,51.3,29.5,27.4,31.7
2016-VT,17.0,14.7,19.5,54.3,59.2,49.1,28.7,26.1,31.4
2015-VT,16.0,14.0,18.0,55.1,59.3,50.6,29.0,26.6,31.4
2014-VT,16.4,15.0,17.8,52.5,55.4,49.5,31.1,29.6,32.6
2013-VT,16.6,15.4,17.9,53.5,55.9,51.0,29.9,28.7,31.1
2012-VT,16.5,14.8,18.2,52.8,56.2,49.1,30.8,29.0,32.6
2011-VT,19.1,16.5,21.8,50.1,53.8,46.3,30.8,29.7,31.9
2019-VA,14.0,12.8,15.3,62.9,66.8,58.7,23.1,20.4,26.0
2018-VA,14.9,12.7,17.3,62.3,67.1,57.1,22.8,20.2,25.6
2017-VA,16.4,14.4,18.4,59.9,65.3,54.2,23.7,20.3,27.4
2016-VA,15.3,13.7,17.0,60.8,65.1,56.3,23.9,21.2,26.7
2015-VA,16.5,14.4,18.8,59.8,65.6,53.7,23.6,20.0,27.5
2014-VA,19.5,16.6,22.6,57.3,62.6,51.5,23.2,20.7,25.9
2013-VA,19.0,16.7,21.6,57.2,62.8,51.2,23.8,20.6,27.2
2012-VA,19.0,16.6,21.6,57.2,62.7,51.4,23.8,20.8,27.0
2011-VA,20.9,20.5,21.3,55.5,58.8,52.0,23.6,20.7,26.7
2019-WA,12.6,11.7,13.6,62.2,65.8,58.6,25.1,22.5,27.8
2018-WA,12.0,10.6,13.5,62.0,66.6,57.2,26.0,22.8,29.3
2017-WA,13.5,12.2,14.8,59.3,63.0,55.6,27.2,24.8,29.6
2016-WA,13.9,11.9,16.0,59.3,64.6,54.0,26.7,23.4,30.0
2015-WA,15.0,13.4,16.6,58.7,63.4,53.9,26.3,23.2,29.5
2014-WA,15.3,13.8,16.9,58.3,62.3,54.2,26.4,23.9,28.9
2013-WA,16.1,14.3,17.8,57.6,62.2,52.9,26.4,23.5,29.3
2012-WA,17.2,15.7,18.7,56.3,60.8,51.6,26.6,23.5,29.7
2011-WA,17.5,16.2,18.8,56.5,61.1,51.8,26.0,22.7,29.4
2019-WV,23.8,23.2,24.4,49.9,54.9,44.6,26.4,22.0,31.0
2018-WV,25.2,24.8,25.7,50.6,55.4,45.5,24.2,19.8,28.8
2017-WV,26.0,26.9,25.1,47.8,51.3,44.1,26.2,21.8,30.8
2016-WV,24.8,23.9,25.8,48.9,54.0,43.6,26.3,22.1,30.7
2015-WV,25.7,25.7,25.7,49.4,54.9,43.7,24.9,19.5,30.5
2014-WV,26.7,25.6,27.8,46.6,51.8,41.1,26.8,22.6,31.1
2013-WV,27.3,26.1,28.6,48.4,53.8,42.8,24.3,20.1,28.6
2012-WV,28.2,27.6,28.7,46.5,51.8,41.0,25.3,20.6,30.3
2011-WV,28.6,25.9,31.5,47.9,54.9,40.4,23.5,19.2,28.1
2019-WI,15.4,13.6,17.2,57.8,63.1,52.4,26.8,23.4,30.4
2018-WI,16.4,14.6,18.2,57.3,62.0,52.5,26.3,23.4,29.3
2017-WI,16.0,15.0,17.1,58.4,62.0,54.6,25.6,23.0,28.3
2016-WI,17.1,16.2,18.0,55.4,58.8,52.0,27.5,25.1,30.0
2015-WI,17.3,14.9,19.8,56.4,61.4,51.4,26.2,23.7,28.8
2014-WI,17.4,16.1,18.7,56.3,60.6,51.9,26.3,23.3,29.4
2013-WI,18.7,17.3,20.1,54.4,58.9,49.8,26.9,23.8,30.1
2012-WI,20.4,19.5,21.3,52.7,56.3,48.8,27.0,24.2,29.8
2011-WI,20.9,19.1,22.7,52.9,58.2,47.5,26.2,22.7,29.8
2019-WY,18.4,17.9,18.9,57.2,60.2,54.2,24.4,21.9,26.9
2018-WY,18.8,17.6,19.9,54.9,60.2,49.8,26.3,22.1,30.3
2017-WY,18.7,18.4,19.0,55.3,59.2,51.6,26.0,22.5,29.3
2016-WY,18.9,19.1,18.8,54.9,58.2,51.8,26.1,22.7,29.5
2015-WY,19.1,17.5,20.6,56.5,59.5,53.6,24.4,22.9,25.9
2014-WY,19.5,18.2,20.7,55.9,59.1,52.9,24.6,22.7,26.4
2013-WY,20.6,19.2,22.1,52.8,58.0,47.6,26.6,22.8,30.3
2012-WY,21.8,18.9,24.6,53.6,60.2,47.1,24.7,20.9,28.3
2011-WY,23.0,21.8,24.2,50.8,55.6,46.2,26.2,22.6,29.6
